REPORT DATE,INSTITUTION,CELL HOUSING,COUNT,,,,,,,,,,,,,,,,,,,,,,,,,,
7/27/2020,OUT-OF-DOC Transfer,OUT-OF-DOC Transfer Outside Hospital,4,,,,,,,,,,,,,,,,,,,,,,,,,,
7/27/2020,OUT-OF-DOC Transfer,OUT-OF-DOC Transfer Remand,6,,,,,,,,,,,,,,,,,,,,,,,,,,
7/27/2020,Boston Pre-Release Center,Alone,57,,,,,,,,,,,,,,,,,,,,,,,,,,
7/27/2020,Bridgewater State Hospital,Alone,197,,,,,,,,,,,,,,,,,,,,,,,,,,
7/27/2020,Bridgewater State Hospital,2 or more other people,7,,,,,,,,,,,,,,,,,,,,,,,,,,
7/27/2020,Lemuel Shattuck Hospital CC,Alone,9,,,,,,,,,,,,,,,,,,,,,,,,,,
7/27/2020,Lemuel Shattuck Hospital CC,2 or more other people,11,,,,,,,,,,,,,,,,,,,,,,,,,,
7/27/2020,MA Treatment Center,Alone,164,,,,,,,,,,,,,,,,,,,,,,,,,,
7/27/2020,MA Treatment Center,With 1 other person,80,,,,,,,,,,,,,,,,,,,,,,,,,,
7/27/2020,MA Treatment Center,2 or more other people,288,,,,,,,,,,,,,,,,,,,,,,,,,,
7/27/2020,MASAC at  Plymouth,Alone,105,,,,,,,,,,,,,,,,,,,,,,,,,,
7/27/2020,MCI Cedar Junction,Alone,412,,,,,,,,,,,,,,,,,,,,,,,,,,
7/27/2020,MCI Concord,Alone,95,,,,,,,,,,,,,,,,,,,,,,,,,,
7/27/2020,MCI Concord,With 1 other person,340,,,,,,,,,,,,,,,,,,,,,,,,,,
7/27/2020,MCI Concord,2 or more other people,110,,,,,,,,,,,,,,,,,,,,,,,,,,
7/27/2020,MCI Framingham,Alone,94,,,,,,,,,,,,,,,,,,,,,,,,,,
7/27/2020,MCI Framingham,With 1 other person,66,,,,,,,,,,,,,,,,,,,,,,,,,,
7/27/2020,MCI Framingham,2 or more other people,20,,,,,,,,,,,,,,,,,,,,,,,,,,
7/27/2020,MCI Norfolk,Alone,691,,,,,,,,,,,,,,,,,,,,,,,,,,
7/27/2020,MCI Norfolk,With 1 other person,506,,,,,,,,,,,,,,,,,,,,,,,,,,
7/27/2020,MCI Norfolk,2 or more other people,64,,,,,,,,,,,,,,,,,,,,,,,,,,
7/27/2020,MCI Shirley,Alone,495,,,,,,,,,,,,,,,,,,,,,,,,,,
7/27/2020,MCI Shirley,With 1 other person,492,,,,,,,,,,,,,,,,,,,,,,,,,,
7/27/2020,MCI Shirley,2 or more other people,130,,,,,,,,,,,,,,,,,,,,,,,,,,
7/27/2020,NCCI Gardner,Alone,54,,,,,,,,,,,,,,,,,,,,,,,,,,
7/27/2020,NCCI Gardner,With 1 other person,286,,,,,,,,,,,,,,,,,,,,,,,,,,
7/27/2020,NCCI Gardner,2 or more other people,562,,,,,,,,,,,,,,,,,,,,,,,,,,
7/27/2020,Northeastern CC,Alone,82,,,,,,,,,,,,,,,,,,,,,,,,,,
7/27/2020,Northeastern CC,With 1 other person,70,,,,,,,,,,,,,,,,,,,,,,,,,,
7/27/2020,Old Colony CC,Alone,258,,,,,,,,,,,,,,,,,,,,,,,,,,
7/27/2020,Old Colony CC,With 1 other person,374,,,,,,,,,,,,,,,,,,,,,,,,,,
7/27/2020,Old Colony CC,2 or more other people,88,,,,,,,,,,,,,,,,,,,,,,,,,,
7/27/2020,Pondville CC,Alone,46,,,,,,,,,,,,,,,,,,,,,,,,,,
7/27/2020,Pondville CC,With 1 other person,64,,,,,,,,,,,,,,,,,,,,,,,,,,
7/27/2020,South Middlesex CC,Alone,30,,,,,,,,,,,,,,,,,,,,,,,,,,
7/27/2020,South Middlesex CC,With 1 other person,6,,,,,,,,,,,,,,,,,,,,,,,,,,
7/27/2020,Souza-Baranowski CC,Alone,447,,,,,,,,,,,,,,,,,,,,,,,,,,
7/27/2020,Souza-Baranowski CC,With 1 other person,226,,,,,,,,,,,,,,,,,,,,,,,,,,
8/3/2020,OUT-OF-DOC Transfer,OUT-OF-DOC Transfer Outside Hospital,4,,,,,,,,,,,,,,,,,,,,,,,,,,
8/3/2020,OUT-OF-DOC Transfer,OUT-OF-DOC Transfer Remand,6,,,,,,,,,,,,,,,,,,,,,,,,,,
8/3/2020,Boston Pre-Release Center,Alone,57,,,,,,,,,,,,,,,,,,,,,,,,,,
8/3/2020,Bridgewater State Hospital,Alone,198,,,,,,,,,,,,,,,,,,,,,,,,,,
8/3/2020,Bridgewater State Hospital,2 or more other people,12,,,,,,,,,,,,,,,,,,,,,,,,,,
8/3/2020,Lemuel Shattuck Hospital CC,Alone,6,,,,,,,,,,,,,,,,,,,,,,,,,,
8/3/2020,Lemuel Shattuck Hospital CC,With 1 other person,6,,,,,,,,,,,,,,,,,,,,,,,,,,
8/3/2020,Lemuel Shattuck Hospital CC,2 or more other people,6,,,,,,,,,,,,,,,,,,,,,,,,,,
8/3/2020,MA Treatment Center,Alone,164,,,,,,,,,,,,,,,,,,,,,,,,,,
8/3/2020,MA Treatment Center,With 1 other person,86,,,,,,,,,,,,,,,,,,,,,,,,,,
8/3/2020,MA Treatment Center,2 or more other people,288,,,,,,,,,,,,,,,,,,,,,,,,,,
8/3/2020,MASAC at  Plymouth,Alone,112,,,,,,,,,,,,,,,,,,,,,,,,,,
8/3/2020,MCI Cedar Junction,Alone,412,,,,,,,,,,,,,,,,,,,,,,,,,,
8/3/2020,MCI Concord,Alone,105,,,,,,,,,,,,,,,,,,,,,,,,,,
8/3/2020,MCI Concord,With 1 other person,318,,,,,,,,,,,,,,,,,,,,,,,,,,
8/3/2020,MCI Concord,2 or more other people,112,,,,,,,,,,,,,,,,,,,,,,,,,,
8/3/2020,MCI Framingham,Alone,92,,,,,,,,,,,,,,,,,,,,,,,,,,
8/3/2020,MCI Framingham,With 1 other person,68,,,,,,,,,,,,,,,,,,,,,,,,,,
8/3/2020,MCI Framingham,2 or more other people,22,,,,,,,,,,,,,,,,,,,,,,,,,,
8/3/2020,MCI Norfolk,Alone,693,,,,,,,,,,,,,,,,,,,,,,,,,,
8/3/2020,MCI Norfolk,With 1 other person,498,,,,,,,,,,,,,,,,,,,,,,,,,,
8/3/2020,MCI Norfolk,2 or more other people,66,,,,,,,,,,,,,,,,,,,,,,,,,,
8/3/2020,MCI Shirley,Alone,504,,,,,,,,,,,,,,,,,,,,,,,,,,
8/3/2020,MCI Shirley,With 1 other person,472,,,,,,,,,,,,,,,,,,,,,,,,,,
8/3/2020,MCI Shirley,2 or more other people,145,,,,,,,,,,,,,,,,,,,,,,,,,,
8/3/2020,NCCI Gardner,Alone,52,,,,,,,,,,,,,,,,,,,,,,,,,,
8/3/2020,NCCI Gardner,With 1 other person,280,,,,,,,,,,,,,,,,,,,,,,,,,,
8/3/2020,NCCI Gardner,2 or more other people,562,,,,,,,,,,,,,,,,,,,,,,,,,,
8/3/2020,Northeastern CC,Alone,83,,,,,,,,,,,,,,,,,,,,,,,,,,
8/3/2020,Northeastern CC,With 1 other person,68,,,,,,,,,,,,,,,,,,,,,,,,,,
8/3/2020,Old Colony CC,Alone,257,,,,,,,,,,,,,,,,,,,,,,,,,,
8/3/2020,Old Colony CC,With 1 other person,372,,,,,,,,,,,,,,,,,,,,,,,,,,
8/3/2020,Old Colony CC,2 or more other people,86,,,,,,,,,,,,,,,,,,,,,,,,,,
8/3/2020,Pondville CC,Alone,46,,,,,,,,,,,,,,,,,,,,,,,,,,
8/3/2020,Pondville CC,With 1 other person,66,,,,,,,,,,,,,,,,,,,,,,,,,,
8/3/2020,South Middlesex CC,Alone,29,,,,,,,,,,,,,,,,,,,,,,,,,,
8/3/2020,South Middlesex CC,With 1 other person,6,,,,,,,,,,,,,,,,,,,,,,,,,,
8/3/2020,Souza-Baranowski CC,Alone,485,,,,,,,,,,,,,,,,,,,,,,,,,,
8/3/2020,Souza-Baranowski CC,With 1 other person,186,,,,,,,,,,,,,,,,,,,,,,,,,,
8/10/2020,OUT-OF-DOC Transfer,OUT-OF-DOC Transfer Outside Hospital,4,,,,,,,,,,,,,,,,,,,,,,,,,,
8/10/2020,OUT-OF-DOC Transfer,OUT-OF-DOC Transfer Remand,6,,,,,,,,,,,,,,,,,,,,,,,,,,
8/10/2020,Boston Pre-Release Center,Alone,57,,,,,,,,,,,,,,,,,,,,,,,,,,
8/10/2020,Bridgewater State Hospital,Alone,190,,,,,,,,,,,,,,,,,,,,,,,,,,
8/10/2020,Bridgewater State Hospital,2 or more other people,12,,,,,,,,,,,,,,,,,,,,,,,,,,
8/10/2020,Lemuel Shattuck Hospital CC,Alone,7,,,,,,,,,,,,,,,,,,,,,,,,,,
8/10/2020,Lemuel Shattuck Hospital CC,With 1 other person,2,,,,,,,,,,,,,,,,,,,,,,,,,,
8/10/2020,Lemuel Shattuck Hospital CC,2 or more other people,7,,,,,,,,,,,,,,,,,,,,,,,,,,
8/10/2020,MA Treatment Center,Alone,159,,,,,,,,,,,,,,,,,,,,,,,,,,
8/10/2020,MA Treatment Center,With 1 other person,90,,,,,,,,,,,,,,,,,,,,,,,,,,
8/10/2020,MA Treatment Center,2 or more other people,294,,,,,,,,,,,,,,,,,,,,,,,,,,
8/10/2020,MASAC at  Plymouth,Alone,103,,,,,,,,,,,,,,,,,,,,,,,,,,
8/10/2020,MCI Cedar Junction,Alone,396,,,,,,,,,,,,,,,,,,,,,,,,,,
8/10/2020,MCI Concord,Alone,117,,,,,,,,,,,,,,,,,,,,,,,,,,
8/10/2020,MCI Concord,With 1 other person,296,,,,,,,,,,,,,,,,,,,,,,,,,,
8/10/2020,MCI Concord,2 or more other people,122,,,,,,,,,,,,,,,,,,,,,,,,,,
8/10/2020,MCI Framingham,Alone,94,,,,,,,,,,,,,,,,,,,,,,,,,,
8/10/2020,MCI Framingham,With 1 other person,60,,,,,,,,,,,,,,,,,,,,,,,,,,
8/10/2020,MCI Framingham,2 or more other people,24,,,,,,,,,,,,,,,,,,,,,,,,,,
8/10/2020,MCI Norfolk,Alone,678,,,,,,,,,,,,,,,,,,,,,,,,,,
8/10/2020,MCI Norfolk,With 1 other person,516,,,,,,,,,,,,,,,,,,,,,,,,,,
8/10/2020,MCI Norfolk,2 or more other people,69,,,,,,,,,,,,,,,,,,,,,,,,,,
8/10/2020,MCI Shirley,Alone,489,,,,,,,,,,,,,,,,,,,,,,,,,,
8/10/2020,MCI Shirley,With 1 other person,462,,,,,,,,,,,,,,,,,,,,,,,,,,
8/10/2020,MCI Shirley,2 or more other people,167,,,,,,,,,,,,,,,,,,,,,,,,,,
8/10/2020,NCCI Gardner,Alone,57,,,,,,,,,,,,,,,,,,,,,,,,,,
8/10/2020,NCCI Gardner,With 1 other person,276,,,,,,,,,,,,,,,,,,,,,,,,,,
8/10/2020,NCCI Gardner,2 or more other people,561,,,,,,,,,,,,,,,,,,,,,,,,,,
8/10/2020,Northeastern CC,Alone,80,,,,,,,,,,,,,,,,,,,,,,,,,,
8/10/2020,Northeastern CC,With 1 other person,76,,,,,,,,,,,,,,,,,,,,,,,,,,
8/10/2020,Old Colony CC,Alone,273,,,,,,,,,,,,,,,,,,,,,,,,,,
8/10/2020,Old Colony CC,With 1 other person,352,,,,,,,,,,,,,,,,,,,,,,,,,,
8/10/2020,Old Colony CC,2 or more other people,89,,,,,,,,,,,,,,,,,,,,,,,,,,
8/10/2020,Pondville CC,Alone,47,,,,,,,,,,,,,,,,,,,,,,,,,,
8/10/2020,Pondville CC,With 1 other person,64,,,,,,,,,,,,,,,,,,,,,,,,,,
8/10/2020,South Middlesex CC,Alone,30,,,,,,,,,,,,,,,,,,,,,,,,,,
8/10/2020,South Middlesex CC,With 1 other person,4,,,,,,,,,,,,,,,,,,,,,,,,,,
8/10/2020,Souza-Baranowski CC,Alone,489,,,,,,,,,,,,,,,,,,,,,,,,,,
8/10/2020,Souza-Baranowski CC,With 1 other person,176,,,,,,,,,,,,,,,,,,,,,,,,,,
8/17/2020,OUT-OF-DOC Transfer,OUT-OF-DOC Transfer Outside Hospital,3,,,,,,,,,,,,,,,,,,,,,,,,,,
8/17/2020,OUT-OF-DOC Transfer,OUT-OF-DOC Transfer Remand,5,,,,,,,,,,,,,,,,,,,,,,,,,,
8/17/2020,Boston Pre-Release Center,Alone,57,,,,,,,,,,,,,,,,,,,,,,,,,,
8/17/2020,Bridgewater State Hospital,Alone,190,,,,,,,,,,,,,,,,,,,,,,,,,,
8/17/2020,Bridgewater State Hospital,2 or more other people,12,,,,,,,,,,,,,,,,,,,,,,,,,,
8/17/2020,Lemuel Shattuck Hospital CC,Alone,8,,,,,,,,,,,,,,,,,,,,,,,,,,
8/17/2020,Lemuel Shattuck Hospital CC,With 1 other person,2,,,,,,,,,,,,,,,,,,,,,,,,,,
8/17/2020,Lemuel Shattuck Hospital CC,2 or more other people,6,,,,,,,,,,,,,,,,,,,,,,,,,,
8/17/2020,MA Treatment Center,Alone,147,,,,,,,,,,,,,,,,,,,,,,,,,,
8/17/2020,MA Treatment Center,With 1 other person,106,,,,,,,,,,,,,,,,,,,,,,,,,,
8/17/2020,MA Treatment Center,2 or more other people,294,,,,,,,,,,,,,,,,,,,,,,,,,,
8/17/2020,MASAC at  Plymouth,Alone,103,,,,,,,,,,,,,,,,,,,,,,,,,,
8/17/2020,MCI Cedar Junction,Alone,376,,,,,,,,,,,,,,,,,,,,,,,,,,
8/17/2020,MCI Concord,Alone,116,,,,,,,,,,,,,,,,,,,,,,,,,,
8/17/2020,MCI Concord,With 1 other person,294,,,,,,,,,,,,,,,,,,,,,,,,,,
8/17/2020,MCI Concord,2 or more other people,124,,,,,,,,,,,,,,,,,,,,,,,,,,
8/17/2020,MCI Framingham,Alone,98,,,,,,,,,,,,,,,,,,,,,,,,,,
8/17/2020,MCI Framingham,With 1 other person,56,,,,,,,,,,,,,,,,,,,,,,,,,,
8/17/2020,MCI Framingham,2 or more other people,25,,,,,,,,,,,,,,,,,,,,,,,,,,
8/17/2020,MCI Norfolk,Alone,688,,,,,,,,,,,,,,,,,,,,,,,,,,
8/17/2020,MCI Norfolk,With 1 other person,510,,,,,,,,,,,,,,,,,,,,,,,,,,
8/17/2020,MCI Norfolk,2 or more other people,68,,,,,,,,,,,,,,,,,,,,,,,,,,
8/17/2020,MCI Shirley,Alone,493,,,,,,,,,,,,,,,,,,,,,,,,,,
8/17/2020,MCI Shirley,With 1 other person,466,,,,,,,,,,,,,,,,,,,,,,,,,,
8/17/2020,MCI Shirley,2 or more other people,164,,,,,,,,,,,,,,,,,,,,,,,,,,
8/17/2020,NCCI Gardner,Alone,57,,,,,,,,,,,,,,,,,,,,,,,,,,
8/17/2020,NCCI Gardner,With 1 other person,276,,,,,,,,,,,,,,,,,,,,,,,,,,
8/17/2020,NCCI Gardner,2 or more other people,560,,,,,,,,,,,,,,,,,,,,,,,,,,
8/17/2020,Northeastern CC,Alone,77,,,,,,,,,,,,,,,,,,,,,,,,,,
8/17/2020,Northeastern CC,With 1 other person,82,,,,,,,,,,,,,,,,,,,,,,,,,,
8/17/2020,Old Colony CC,Alone,278,,,,,,,,,,,,,,,,,,,,,,,,,,
8/17/2020,Old Colony CC,With 1 other person,346,,,,,,,,,,,,,,,,,,,,,,,,,,
8/17/2020,Old Colony CC,2 or more other people,88,,,,,,,,,,,,,,,,,,,,,,,,,,
8/17/2020,Pondville CC,Alone,43,,,,,,,,,,,,,,,,,,,,,,,,,,
8/17/2020,Pondville CC,With 1 other person,72,,,,,,,,,,,,,,,,,,,,,,,,,,
8/17/2020,South Middlesex CC,Alone,32,,,,,,,,,,,,,,,,,,,,,,,,,,
8/17/2020,Souza-Baranowski CC,Alone,497,,,,,,,,,,,,,,,,,,,,,,,,,,
8/17/2020,Souza-Baranowski CC,With 1 other person,168,,,,,,,,,,,,,,,,,,,,,,,,,,
8/24/2020,OUT-OF-DOC Transfer,OUT-OF-DOC Transfer Outside Hospital,1,,,,,,,,,,,,,,,,,,,,,,,,,,
8/24/2020,OUT-OF-DOC Transfer,OUT-OF-DOC Transfer Remand,5,,,,,,,,,,,,,,,,,,,,,,,,,,
8/24/2020,Boston Pre-Release Center,Alone,54,,,,,,,,,,,,,,,,,,,,,,,,,,
8/24/2020,Bridgewater State Hospital,With 1 other person,6,,,,,,,,,,,,,,,,,,,,,,,,,,
8/24/2020,Bridgewater State Hospital,2 or more other people,7,,,,,,,,,,,,,,,,,,,,,,,,,,
8/24/2020,Lemuel Shattuck Hospital CC,Alone,10,,,,,,,,,,,,,,,,,,,,,,,,,,
8/24/2020,Lemuel Shattuck Hospital CC,2 or more other people,6,,,,,,,,,,,,,,,,,,,,,,,,,,
8/24/2020,MA Treatment Center,Alone,154,,,,,,,,,,,,,,,,,,,,,,,,,,
8/24/2020,MA Treatment Center,With 1 other person,104,,,,,,,,,,,,,,,,,,,,,,,,,,
8/24/2020,MA Treatment Center,2 or more other people,299,,,,,,,,,,,,,,,,,,,,,,,,,,
8/24/2020,MASAC at  Plymouth,Alone,101,,,,,,,,,,,,,,,,,,,,,,,,,,
8/24/2020,MCI Cedar Junction,Alone,372,,,,,,,,,,,,,,,,,,,,,,,,,,
8/24/2020,MCI Concord,Alone,120,,,,,,,,,,,,,,,,,,,,,,,,,,
8/24/2020,MCI Concord,With 1 other person,280,,,,,,,,,,,,,,,,,,,,,,,,,,
8/24/2020,MCI Concord,2 or more other people,129,,,,,,,,,,,,,,,,,,,,,,,,,,
8/24/2020,MCI Framingham,Alone,105,,,,,,,,,,,,,,,,,,,,,,,,,,
8/24/2020,MCI Framingham,With 1 other person,56,,,,,,,,,,,,,,,,,,,,,,,,,,
8/24/2020,MCI Framingham,2 or more other people,21,,,,,,,,,,,,,,,,,,,,,,,,,,
8/24/2020,MCI Norfolk,Alone,680,,,,,,,,,,,,,,,,,,,,,,,,,,
8/24/2020,MCI Norfolk,With 1 other person,524,,,,,,,,,,,,,,,,,,,,,,,,,,
8/24/2020,MCI Norfolk,2 or more other people,68,,,,,,,,,,,,,,,,,,,,,,,,,,
8/24/2020,MCI Shirley,Alone,485,,,,,,,,,,,,,,,,,,,,,,,,,,
8/24/2020,MCI Shirley,With 1 other person,452,,,,,,,,,,,,,,,,,,,,,,,,,,
8/24/2020,MCI Shirley,2 or more other people,181,,,,,,,,,,,,,,,,,,,,,,,,,,
8/24/2020,NCCI Gardner,Alone,61,,,,,,,,,,,,,,,,,,,,,,,,,,
8/24/2020,NCCI Gardner,With 1 other person,266,,,,,,,,,,,,,,,,,,,,,,,,,,
8/24/2020,NCCI Gardner,2 or more other people,558,,,,,,,,,,,,,,,,,,,,,,,,,,
8/24/2020,Northeastern CC,Alone,75,,,,,,,,,,,,,,,,,,,,,,,,,,
8/24/2020,Northeastern CC,With 1 other person,84,,,,,,,,,,,,,,,,,,,,,,,,,,
8/24/2020,Old Colony CC,Alone,271,,,,,,,,,,,,,,,,,,,,,,,,,,
8/24/2020,Old Colony CC,With 1 other person,346,,,,,,,,,,,,,,,,,,,,,,,,,,
8/24/2020,Old Colony CC,2 or more other people,90,,,,,,,,,,,,,,,,,,,,,,,,,,
8/24/2020,Pondville CC,Alone,43,,,,,,,,,,,,,,,,,,,,,,,,,,
8/24/2020,Pondville CC,With 1 other person,72,,,,,,,,,,,,,,,,,,,,,,,,,,
8/24/2020,South Middlesex CC,Alone,30,,,,,,,,,,,,,,,,,,,,,,,,,,
8/24/2020,Souza-Baranowski CC,Alone,526,,,,,,,,,,,,,,,,,,,,,,,,,,
8/24/2020,Souza-Baranowski CC,With 1 other person,148,,,,,,,,,,,,,,,,,,,,,,,,,,
8/31/2020,OUT-OF-DOC Transfer,OUT-OF-DOC Transfer Outside Hospital,2,,,,,,,,,,,,,,,,,,,,,,,,,,
8/31/2020,OUT-OF-DOC Transfer,OUT-OF-DOC Transfer Remand,3,,,,,,,,,,,,,,,,,,,,,,,,,,
8/31/2020,Boston Pre-Release Center,Alone,53,,,,,,,,,,,,,,,,,,,,,,,,,,
8/31/2020,Bridgewater State Hospital,Alone,193,,,,,,,,,,,,,,,,,,,,,,,,,,
8/31/2020,Bridgewater State Hospital,2 or more other people,13,,,,,,,,,,,,,,,,,,,,,,,,,,
8/31/2020,Lemuel Shattuck Hospital CC,Alone,9,,,,,,,,,,,,,,,,,,,,,,,,,,
8/31/2020,Lemuel Shattuck Hospital CC,With 1 other person,2,,,,,,,,,,,,,,,,,,,,,,,,,,
8/31/2020,Lemuel Shattuck Hospital CC,2 or more other people,7,,,,,,,,,,,,,,,,,,,,,,,,,,
8/31/2020,MA Treatment Center,Alone,156,,,,,,,,,,,,,,,,,,,,,,,,,,
8/31/2020,MA Treatment Center,With 1 other person,102,,,,,,,,,,,,,,,,,,,,,,,,,,
8/31/2020,MA Treatment Center,2 or more other people,299,,,,,,,,,,,,,,,,,,,,,,,,,,
8/31/2020,MASAC at  Plymouth,Alone,112,,,,,,,,,,,,,,,,,,,,,,,,,,
8/31/2020,MCI Cedar Junction,Alone,371,,,,,,,,,,,,,,,,,,,,,,,,,,
8/31/2020,MCI Concord,Alone,124,,,,,,,,,,,,,,,,,,,,,,,,,,
8/31/2020,MCI Concord,With 1 other person,276,,,,,,,,,,,,,,,,,,,,,,,,,,
8/31/2020,MCI Concord,2 or more other people,122,,,,,,,,,,,,,,,,,,,,,,,,,,
8/31/2020,MCI Framingham,Alone,105,,,,,,,,,,,,,,,,,,,,,,,,,,
8/31/2020,MCI Framingham,With 1 other person,54,,,,,,,,,,,,,,,,,,,,,,,,,,
8/31/2020,MCI Framingham,2 or more other people,20,,,,,,,,,,,,,,,,,,,,,,,,,,
8/31/2020,MCI Norfolk,Alone,690,,,,,,,,,,,,,,,,,,,,,,,,,,
8/31/2020,MCI Norfolk,With 1 other person,516,,,,,,,,,,,,,,,,,,,,,,,,,,
8/31/2020,MCI Norfolk,2 or more other people,60,,,,,,,,,,,,,,,,,,,,,,,,,,
8/31/2020,MCI Shirley,Alone,483,,,,,,,,,,,,,,,,,,,,,,,,,,
8/31/2020,MCI Shirley,With 1 other person,484,,,,,,,,,,,,,,,,,,,,,,,,,,
8/31/2020,MCI Shirley,2 or more other people,153,,,,,,,,,,,,,,,,,,,,,,,,,,
8/31/2020,NCCI Gardner,Alone,63,,,,,,,,,,,,,,,,,,,,,,,,,,
8/31/2020,NCCI Gardner,With 1 other person,268,,,,,,,,,,,,,,,,,,,,,,,,,,
8/31/2020,NCCI Gardner,2 or more other people,552,,,,,,,,,,,,,,,,,,,,,,,,,,
8/31/2020,Northeastern CC,Alone,80,,,,,,,,,,,,,,,,,,,,,,,,,,
8/31/2020,Northeastern CC,With 1 other person,76,,,,,,,,,,,,,,,,,,,,,,,,,,
8/31/2020,Old Colony CC,Alone,269,,,,,,,,,,,,,,,,,,,,,,,,,,
8/31/2020,Old Colony CC,With 1 other person,346,,,,,,,,,,,,,,,,,,,,,,,,,,
8/31/2020,Old Colony CC,2 or more other people,89,,,,,,,,,,,,,,,,,,,,,,,,,,
8/31/2020,Pondville CC,Alone,44,,,,,,,,,,,,,,,,,,,,,,,,,,
8/31/2020,Pondville CC,With 1 other person,72,,,,,,,,,,,,,,,,,,,,,,,,,,
8/31/2020,South Middlesex CC,Alone,29,,,,,,,,,,,,,,,,,,,,,,,,,,
8/31/2020,Souza-Baranowski CC,Alone,539,,,,,,,,,,,,,,,,,,,,,,,,,,
8/31/2020,Souza-Baranowski CC,With 1 other person,136,,,,,,,,,,,,,,,,,,,,,,,,,,
9/8/2020,OUT-OF-DOC Transfer,OUT-OF-DOC Transfer Outside Hospital,2,,,,,,,,,,,,,,,,,,,,,,,,,,
9/8/2020,OUT-OF-DOC Transfer,OUT-OF-DOC Transfer Remand,3,,,,,,,,,,,,,,,,,,,,,,,,,,
9/8/2020,Boston Pre-Release Center,Alone,50,,,,,,,,,,,,,,,,,,,,,,,,,,
9/8/2020,Bridgewater State Hospital,Alone,187,,,,,,,,,,,,,,,,,,,,,,,,,,
9/8/2020,Bridgewater State Hospital,2 or more other people,14,,,,,,,,,,,,,,,,,,,,,,,,,,
9/8/2020,Lemuel Shattuck Hospital CC,Alone,7,,,,,,,,,,,,,,,,,,,,,,,,,,
9/8/2020,Lemuel Shattuck Hospital CC,With 1 other person,4,,,,,,,,,,,,,,,,,,,,,,,,,,
9/8/2020,Lemuel Shattuck Hospital CC,2 or more other people,10,,,,,,,,,,,,,,,,,,,,,,,,,,
9/8/2020,MA Treatment Center,Alone,154,,,,,,,,,,,,,,,,,,,,,,,,,,
9/8/2020,MA Treatment Center,With 1 other person,104,,,,,,,,,,,,,,,,,,,,,,,,,,
9/8/2020,MA Treatment Center,2 or more other people,302,,,,,,,,,,,,,,,,,,,,,,,,,,
9/8/2020,MASAC at  Plymouth,Alone,111,,,,,,,,,,,,,,,,,,,,,,,,,,
9/8/2020,MCI Cedar Junction,Alone,358,,,,,,,,,,,,,,,,,,,,,,,,,,
9/8/2020,MCI Concord,Alone,123,,,,,,,,,,,,,,,,,,,,,,,,,,
9/8/2020,MCI Concord,With 1 other person,280,,,,,,,,,,,,,,,,,,,,,,,,,,
9/8/2020,MCI Concord,2 or more other people,123,,,,,,,,,,,,,,,,,,,,,,,,,,
9/8/2020,MCI Framingham,Alone,105,,,,,,,,,,,,,,,,,,,,,,,,,,
9/8/2020,MCI Framingham,With 1 other person,58,,,,,,,,,,,,,,,,,,,,,,,,,,
9/8/2020,MCI Framingham,2 or more other people,12,,,,,,,,,,,,,,,,,,,,,,,,,,
9/8/2020,MCI Norfolk,Alone,680,,,,,,,,,,,,,,,,,,,,,,,,,,
9/8/2020,MCI Norfolk,With 1 other person,518,,,,,,,,,,,,,,,,,,,,,,,,,,
9/8/2020,MCI Norfolk,2 or more other people,60,,,,,,,,,,,,,,,,,,,,,,,,,,
9/8/2020,MCI Shirley,Alone,493,,,,,,,,,,,,,,,,,,,,,,,,,,
9/8/2020,MCI Shirley,With 1 other person,464,,,,,,,,,,,,,,,,,,,,,,,,,,
9/8/2020,MCI Shirley,2 or more other people,156,,,,,,,,,,,,,,,,,,,,,,,,,,
9/8/2020,NCCI Gardner,Alone,64,,,,,,,,,,,,,,,,,,,,,,,,,,
9/8/2020,NCCI Gardner,With 1 other person,258,,,,,,,,,,,,,,,,,,,,,,,,,,
9/8/2020,NCCI Gardner,2 or more other people,554,,,,,,,,,,,,,,,,,,,,,,,,,,
9/8/2020,Northeastern CC,Alone,83,,,,,,,,,,,,,,,,,,,,,,,,,,
9/8/2020,Northeastern CC,With 1 other person,70,,,,,,,,,,,,,,,,,,,,,,,,,,
9/8/2020,Old Colony CC,Alone,276,,,,,,,,,,,,,,,,,,,,,,,,,,
9/8/2020,Old Colony CC,With 1 other person,340,,,,,,,,,,,,,,,,,,,,,,,,,,
9/8/2020,Old Colony CC,2 or more other people,87,,,,,,,,,,,,,,,,,,,,,,,,,,
9/8/2020,Pondville CC,Alone,42,,,,,,,,,,,,,,,,,,,,,,,,,,
9/8/2020,Pondville CC,With 1 other person,76,,,,,,,,,,,,,,,,,,,,,,,,,,
9/8/2020,South Middlesex CC,Alone,28,,,,,,,,,,,,,,,,,,,,,,,,,,
9/8/2020,Souza-Baranowski CC,Alone,527,,,,,,,,,,,,,,,,,,,,,,,,,,
9/8/2020,Souza-Baranowski CC,With 1 other person,138,,,,,,,,,,,,,,,,,,,,,,,,,,
9/14/2020,OUT-OF-DOC Transfer,OUT-OF-DOC Transfer Outside Hospital,2,,,,,,,,,,,,,,,,,,,,,,,,,,
9/14/2020,OUT-OF-DOC Transfer,OUT-OF-DOC Transfer Remand,3,,,,,,,,,,,,,,,,,,,,,,,,,,
9/14/2020,Boston Pre-Release Center,Alone,49,,,,,,,,,,,,,,,,,,,,,,,,,,
9/14/2020,Bridgewater State Hospital,Alone,187,,,,,,,,,,,,,,,,,,,,,,,,,,
9/14/2020,Bridgewater State Hospital,2 or more other people,14,,,,,,,,,,,,,,,,,,,,,,,,,,
9/14/2020,Lemuel Shattuck Hospital CC,Alone,7,,,,,,,,,,,,,,,,,,,,,,,,,,
9/14/2020,Lemuel Shattuck Hospital CC,2 or more other people,16,,,,,,,,,,,,,,,,,,,,,,,,,,
9/14/2020,MA Treatment Center,Alone,163,,,,,,,,,,,,,,,,,,,,,,,,,,
9/14/2020,MA Treatment Center,With 1 other person,96,,,,,,,,,,,,,,,,,,,,,,,,,,
9/14/2020,MA Treatment Center,2 or more other people,301,,,,,,,,,,,,,,,,,,,,,,,,,,
9/14/2020,MASAC at  Plymouth,Alone,104,,,,,,,,,,,,,,,,,,,,,,,,,,
9/14/2020,MCI Cedar Junction,Alone,371,,,,,,,,,,,,,,,,,,,,,,,,,,
9/14/2020,MCI Concord,Alone,114,,,,,,,,,,,,,,,,,,,,,,,,,,
9/14/2020,MCI Concord,With 1 other person,288,,,,,,,,,,,,,,,,,,,,,,,,,,
9/14/2020,MCI Concord,2 or more other people,117,,,,,,,,,,,,,,,,,,,,,,,,,,
9/14/2020,MCI Framingham,Alone,108,,,,,,,,,,,,,,,,,,,,,,,,,,
9/14/2020,MCI Framingham,With 1 other person,48,,,,,,,,,,,,,,,,,,,,,,,,,,
9/14/2020,MCI Framingham,2 or more other people,15,,,,,,,,,,,,,,,,,,,,,,,,,,
9/14/2020,MCI Norfolk,Alone,690,,,,,,,,,,,,,,,,,,,,,,,,,,
9/14/2020,MCI Norfolk,With 1 other person,500,,,,,,,,,,,,,,,,,,,,,,,,,,
9/14/2020,MCI Norfolk,2 or more other people,68,,,,,,,,,,,,,,,,,,,,,,,,,,
9/14/2020,MCI Shirley,Alone,509,,,,,,,,,,,,,,,,,,,,,,,,,,
9/14/2020,MCI Shirley,With 1 other person,438,,,,,,,,,,,,,,,,,,,,,,,,,,
9/14/2020,MCI Shirley,2 or more other people,165,,,,,,,,,,,,,,,,,,,,,,,,,,
9/14/2020,NCCI Gardner,Alone,67,,,,,,,,,,,,,,,,,,,,,,,,,,
9/14/2020,NCCI Gardner,With 1 other person,258,,,,,,,,,,,,,,,,,,,,,,,,,,
9/14/2020,NCCI Gardner,2 or more other people,550,,,,,,,,,,,,,,,,,,,,,,,,,,
9/14/2020,Northeastern CC,Alone,84,,,,,,,,,,,,,,,,,,,,,,,,,,
9/14/2020,Northeastern CC,With 1 other person,66,,,,,,,,,,,,,,,,,,,,,,,,,,
9/14/2020,Old Colony CC,Alone,263,,,,,,,,,,,,,,,,,,,,,,,,,,
9/14/2020,Old Colony CC,With 1 other person,348,,,,,,,,,,,,,,,,,,,,,,,,,,
9/14/2020,Old Colony CC,2 or more other people,88,,,,,,,,,,,,,,,,,,,,,,,,,,
9/14/2020,Pondville CC,Alone,40,,,,,,,,,,,,,,,,,,,,,,,,,,
9/14/2020,Pondville CC,With 1 other person,78,,,,,,,,,,,,,,,,,,,,,,,,,,
9/14/2020,South Middlesex CC,Alone,29,,,,,,,,,,,,,,,,,,,,,,,,,,
9/14/2020,Souza-Baranowski CC,Alone,527,,,,,,,,,,,,,,,,,,,,,,,,,,
9/14/2020,Souza-Baranowski CC,With 1 other person,130,,,,,,,,,,,,,,,,,,,,,,,,,,
9/21/2020,OUT-OF-DOC Transfer,OUT-OF-DOC Transfer Outside Hospital,4,,,,,,,,,,,,,,,,,,,,,,,,,,
9/21/2020,OUT-OF-DOC Transfer,OUT-OF-DOC Transfer Remand,3,,,,,,,,,,,,,,,,,,,,,,,,,,
9/21/2020,Boston Pre-Release Center,Alone,49,,,,,,,,,,,,,,,,,,,,,,,,,,
9/21/2020,Bridgewater State Hospital,Alone,186,,,,,,,,,,,,,,,,,,,,,,,,,,
9/21/2020,Bridgewater State Hospital,2 or more other people,14,,,,,,,,,,,,,,,,,,,,,,,,,,
9/21/2020,Lemuel Shattuck Hospital CC,Alone,7,,,,,,,,,,,,,,,,,,,,,,,,,,
9/21/2020,Lemuel Shattuck Hospital CC,With 1 other person,4,,,,,,,,,,,,,,,,,,,,,,,,,,
9/21/2020,Lemuel Shattuck Hospital CC,2 or more other people,7,,,,,,,,,,,,,,,,,,,,,,,,,,
9/21/2020,MA Treatment Center,Alone,156,,,,,,,,,,,,,,,,,,,,,,,,,,
9/21/2020,MA Treatment Center,With 1 other person,106,,,,,,,,,,,,,,,,,,,,,,,,,,
9/21/2020,MA Treatment Center,2 or more other people,301,,,,,,,,,,,,,,,,,,,,,,,,,,
9/21/2020,MASAC at  Plymouth,Alone,105,,,,,,,,,,,,,,,,,,,,,,,,,,
9/21/2020,MCI Cedar Junction,Alone,367,,,,,,,,,,,,,,,,,,,,,,,,,,
9/21/2020,MCI Concord,Alone,126,,,,,,,,,,,,,,,,,,,,,,,,,,
9/21/2020,MCI Concord,With 1 other person,268,,,,,,,,,,,,,,,,,,,,,,,,,,
9/21/2020,MCI Concord,2 or more other people,121,,,,,,,,,,,,,,,,,,,,,,,,,,
9/21/2020,MCI Framingham,Alone,117,,,,,,,,,,,,,,,,,,,,,,,,,,
9/21/2020,MCI Framingham,With 1 other person,40,,,,,,,,,,,,,,,,,,,,,,,,,,
9/21/2020,MCI Framingham,2 or more other people,15,,,,,,,,,,,,,,,,,,,,,,,,,,
9/21/2020,MCI Norfolk,Alone,687,,,,,,,,,,,,,,,,,,,,,,,,,,
9/21/2020,MCI Norfolk,With 1 other person,506,,,,,,,,,,,,,,,,,,,,,,,,,,
9/21/2020,MCI Norfolk,2 or more other people,65,,,,,,,,,,,,,,,,,,,,,,,,,,
9/21/2020,MCI Shirley,Alone,520,,,,,,,,,,,,,,,,,,,,,,,,,,
9/21/2020,MCI Shirley,With 1 other person,442,,,,,,,,,,,,,,,,,,,,,,,,,,
9/21/2020,MCI Shirley,2 or more other people,151,,,,,,,,,,,,,,,,,,,,,,,,,,
9/21/2020,NCCI Gardner,Alone,69,,,,,,,,,,,,,,,,,,,,,,,,,,
9/21/2020,NCCI Gardner,With 1 other person,252,,,,,,,,,,,,,,,,,,,,,,,,,,
9/21/2020,NCCI Gardner,2 or more other people,552,,,,,,,,,,,,,,,,,,,,,,,,,,
9/21/2020,Northeastern CC,Alone,82,,,,,,,,,,,,,,,,,,,,,,,,,,
9/21/2020,Northeastern CC,With 1 other person,70,,,,,,,,,,,,,,,,,,,,,,,,,,
9/21/2020,Old Colony CC,Alone,268,,,,,,,,,,,,,,,,,,,,,,,,,,
9/21/2020,Old Colony CC,With 1 other person,358,,,,,,,,,,,,,,,,,,,,,,,,,,
9/21/2020,Old Colony CC,2 or more other people,78,,,,,,,,,,,,,,,,,,,,,,,,,,
9/21/2020,Pondville CC,Alone,39,,,,,,,,,,,,,,,,,,,,,,,,,,
9/21/2020,Pondville CC,With 1 other person,80,,,,,,,,,,,,,,,,,,,,,,,,,,
9/21/2020,South Middlesex CC,Alone,29,,,,,,,,,,,,,,,,,,,,,,,,,,
9/21/2020,Souza-Baranowski CC,Alone,520,,,,,,,,,,,,,,,,,,,,,,,,,,
9/21/2020,Souza-Baranowski CC,With 1 other person,132,,,,,,,,,,,,,,,,,,,,,,,,,,
9/28/2020,OUT-OF-DOC Transfer,OUT-OF-DOC Transfer Outside Hospital,5,,,,,,,,,,,,,,,,,,,,,,,,,,
9/28/2020,OUT-OF-DOC Transfer,OUT-OF-DOC Transfer Remand,3,,,,,,,,,,,,,,,,,,,,,,,,,,
9/28/2020,Boston Pre-Release Center,Alone,49,,,,,,,,,,,,,,,,,,,,,,,,,,
9/28/2020,Bridgewater State Hospital,Alone,182,,,,,,,,,,,,,,,,,,,,,,,,,,
9/28/2020,Bridgewater State Hospital,2 or more other people,14,,,,,,,,,,,,,,,,,,,,,,,,,,
9/28/2020,Lemuel Shattuck Hospital CC,Alone,9,,,,,,,,,,,,,,,,,,,,,,,,,,
9/28/2020,Lemuel Shattuck Hospital CC,With 1 other person,6,,,,,,,,,,,,,,,,,,,,,,,,,,
9/28/2020,Lemuel Shattuck Hospital CC,2 or more other people,4,,,,,,,,,,,,,,,,,,,,,,,,,,
9/28/2020,MA Treatment Center,Alone,157,,,,,,,,,,,,,,,,,,,,,,,,,,
9/28/2020,MA Treatment Center,With 1 other person,104,,,,,,,,,,,,,,,,,,,,,,,,,,
9/28/2020,MA Treatment Center,2 or more other people,305,,,,,,,,,,,,,,,,,,,,,,,,,,
9/28/2020,MASAC at  Plymouth,Alone,102,,,,,,,,,,,,,,,,,,,,,,,,,,
9/28/2020,MCI Cedar Junction,Alone,376,,,,,,,,,,,,,,,,,,,,,,,,,,
9/28/2020,MCI Cedar Junction,With 1 other person,2,,,,,,,,,,,,,,,,,,,,,,,,,,
9/28/2020,MCI Concord,Alone,137,,,,,,,,,,,,,,,,,,,,,,,,,,
9/28/2020,MCI Concord,With 1 other person,264,,,,,,,,,,,,,,,,,,,,,,,,,,
9/28/2020,MCI Concord,2 or more other people,122,,,,,,,,,,,,,,,,,,,,,,,,,,
9/28/2020,MCI Framingham,Alone,108,,,,,,,,,,,,,,,,,,,,,,,,,,
9/28/2020,MCI Framingham,With 1 other person,40,,,,,,,,,,,,,,,,,,,,,,,,,,
9/28/2020,MCI Framingham,2 or more other people,22,,,,,,,,,,,,,,,,,,,,,,,,,,
9/28/2020,MCI Norfolk,Alone,683,,,,,,,,,,,,,,,,,,,,,,,,,,
9/28/2020,MCI Norfolk,With 1 other person,504,,,,,,,,,,,,,,,,,,,,,,,,,,
9/28/2020,MCI Norfolk,2 or more other people,72,,,,,,,,,,,,,,,,,,,,,,,,,,
9/28/2020,MCI Shirley,Alone,511,,,,,,,,,,,,,,,,,,,,,,,,,,
9/28/2020,MCI Shirley,With 1 other person,446,,,,,,,,,,,,,,,,,,,,,,,,,,
9/28/2020,MCI Shirley,2 or more other people,145,,,,,,,,,,,,,,,,,,,,,,,,,,
9/28/2020,NCCI Gardner,Alone,66,,,,,,,,,,,,,,,,,,,,,,,,,,
9/28/2020,NCCI Gardner,With 1 other person,254,,,,,,,,,,,,,,,,,,,,,,,,,,
9/28/2020,NCCI Gardner,2 or more other people,548,,,,,,,,,,,,,,,,,,,,,,,,,,
9/28/2020,Northeastern CC,Alone,83,,,,,,,,,,,,,,,,,,,,,,,,,,
9/28/2020,Northeastern CC,With 1 other person,68,,,,,,,,,,,,,,,,,,,,,,,,,,
9/28/2020,Old Colony CC,Alone,260,,,,,,,,,,,,,,,,,,,,,,,,,,
9/28/2020,Old Colony CC,With 1 other person,368,,,,,,,,,,,,,,,,,,,,,,,,,,
9/28/2020,Old Colony CC,2 or more other people,81,,,,,,,,,,,,,,,,,,,,,,,,,,
9/28/2020,Pondville CC,Alone,37,,,,,,,,,,,,,,,,,,,,,,,,,,
9/28/2020,Pondville CC,With 1 other person,82,,,,,,,,,,,,,,,,,,,,,,,,,,
9/28/2020,South Middlesex CC,Alone,31,,,,,,,,,,,,,,,,,,,,,,,,,,
9/28/2020,Souza-Baranowski CC,Alone,514,,,,,,,,,,,,,,,,,,,,,,,,,,
9/28/2020,Souza-Baranowski CC,With 1 other person,126,,,,,,,,,,,,,,,,,,,,,,,,,,
10/5/2020,OUT-OF-DOC Transfer,OUT-OF-DOC Transfer Outside Hospital,3,,,,,,,,,,,,,,,,,,,,,,,,,,
10/5/2020,OUT-OF-DOC Transfer,OUT-OF-DOC Transfer Remand,3,,,,,,,,,,,,,,,,,,,,,,,,,,
10/5/2020,Boston Pre-Release Center,Alone,46,,,,,,,,,,,,,,,,,,,,,,,,,,
10/5/2020,Bridgewater State Hospital,Alone,182,,,,,,,,,,,,,,,,,,,,,,,,,,
10/5/2020,Lemuel Shattuck Hospital CC,Alone,11,,,,,,,,,,,,,,,,,,,,,,,,,,
10/5/2020,Lemuel Shattuck Hospital CC,With 1 other person,4,,,,,,,,,,,,,,,,,,,,,,,,,,
10/5/2020,MA Treatment Center,Alone,154,,,,,,,,,,,,,,,,,,,,,,,,,,
10/5/2020,MA Treatment Center,With 1 other person,104,,,,,,,,,,,,,,,,,,,,,,,,,,
10/5/2020,MA Treatment Center,2 or more other people,302,,,,,,,,,,,,,,,,,,,,,,,,,,
10/5/2020,MASAC at  Plymouth,Alone,79,,,,,,,,,,,,,,,,,,,,,,,,,,
10/5/2020,MCI Cedar Junction,Alone,382,,,,,,,,,,,,,,,,,,,,,,,,,,
10/5/2020,MCI Concord,Alone,131,,,,,,,,,,,,,,,,,,,,,,,,,,
10/5/2020,MCI Concord,With 1 other person,270,,,,,,,,,,,,,,,,,,,,,,,,,,
10/5/2020,MCI Concord,2 or more other people,121,,,,,,,,,,,,,,,,,,,,,,,,,,
10/5/2020,MCI Framingham,Alone,108,,,,,,,,,,,,,,,,,,,,,,,,,,
10/5/2020,MCI Framingham,With 1 other person,40,,,,,,,,,,,,,,,,,,,,,,,,,,
10/5/2020,MCI Framingham,2 or more other people,25,,,,,,,,,,,,,,,,,,,,,,,,,,
10/5/2020,MCI Norfolk,Alone,680,,,,,,,,,,,,,,,,,,,,,,,,,,
10/5/2020,MCI Norfolk,With 1 other person,496,,,,,,,,,,,,,,,,,,,,,,,,,,
10/5/2020,MCI Norfolk,2 or more other people,72,,,,,,,,,,,,,,,,,,,,,,,,,,
10/5/2020,MCI Shirley,Alone,518,,,,,,,,,,,,,,,,,,,,,,,,,,
10/5/2020,MCI Shirley,With 1 other person,430,,,,,,,,,,,,,,,,,,,,,,,,,,
10/5/2020,MCI Shirley,2 or more other people,148,,,,,,,,,,,,,,,,,,,,,,,,,,
10/5/2020,NCCI Gardner,Alone,65,,,,,,,,,,,,,,,,,,,,,,,,,,
10/5/2020,NCCI Gardner,With 1 other person,258,,,,,,,,,,,,,,,,,,,,,,,,,,
10/5/2020,NCCI Gardner,2 or more other people,545,,,,,,,,,,,,,,,,,,,,,,,,,,
10/5/2020,Northeastern CC,Alone,82,,,,,,,,,,,,,,,,,,,,,,,,,,
10/5/2020,Northeastern CC,With 1 other person,68,,,,,,,,,,,,,,,,,,,,,,,,,,
10/5/2020,Old Colony CC,Alone,252,,,,,,,,,,,,,,,,,,,,,,,,,,
10/5/2020,Old Colony CC,With 1 other person,362,,,,,,,,,,,,,,,,,,,,,,,,,,
10/5/2020,Old Colony CC,2 or more other people,86,,,,,,,,,,,,,,,,,,,,,,,,,,
10/5/2020,Pondville CC,Alone,48,,,,,,,,,,,,,,,,,,,,,,,,,,
10/5/2020,Pondville CC,With 1 other person,74,,,,,,,,,,,,,,,,,,,,,,,,,,
10/5/2020,South Middlesex CC,Alone,32,,,,,,,,,,,,,,,,,,,,,,,,,,
10/5/2020,Souza-Baranowski CC,Alone,507,,,,,,,,,,,,,,,,,,,,,,,,,,
10/5/2020,Souza-Baranowski CC,With 1 other person,130,,,,,,,,,,,,,,,,,,,,,,,,,,
10/12/2020,OUT-OF-DOC Transfer,OUT-OF-DOC Transfer Outside Hospital,4,,,,,,,,,,,,,,,,,,,,,,,,,,
10/12/2020,OUT-OF-DOC Transfer,OUT-OF-DOC Transfer Remand,3,,,,,,,,,,,,,,,,,,,,,,,,,,
10/12/2020,Boston Pre-Release Center,Alone,47,,,,,,,,,,,,,,,,,,,,,,,,,,
10/12/2020,Bridgewater State Hospital,2 or more other people,18,,,,,,,,,,,,,,,,,,,,,,,,,,
10/12/2020,Lemuel Shattuck Hospital CC,Alone,6,,,,,,,,,,,,,,,,,,,,,,,,,,
10/12/2020,Lemuel Shattuck Hospital CC,With 1 other person,6,,,,,,,,,,,,,,,,,,,,,,,,,,
10/12/2020,Lemuel Shattuck Hospital CC,2 or more other people,4,,,,,,,,,,,,,,,,,,,,,,,,,,
10/12/2020,MA Treatment Center,Alone,158,,,,,,,,,,,,,,,,,,,,,,,,,,
10/12/2020,MA Treatment Center,With 1 other person,104,,,,,,,,,,,,,,,,,,,,,,,,,,
10/12/2020,MA Treatment Center,2 or more other people,298,,,,,,,,,,,,,,,,,,,,,,,,,,
10/12/2020,MASAC at  Plymouth,Alone,66,,,,,,,,,,,,,,,,,,,,,,,,,,
10/12/2020,MASAC at  Plymouth,With 1 other person,4,,,,,,,,,,,,,,,,,,,,,,,,,,
10/12/2020,MCI Cedar Junction,Alone,378,,,,,,,,,,,,,,,,,,,,,,,,,,
10/12/2020,MCI Concord,Alone,123,,,,,,,,,,,,,,,,,,,,,,,,,,
10/12/2020,MCI Concord,With 1 other person,278,,,,,,,,,,,,,,,,,,,,,,,,,,
10/12/2020,MCI Concord,2 or more other people,121,,,,,,,,,,,,,,,,,,,,,,,,,,
10/12/2020,MCI Framingham,Alone,112,,,,,,,,,,,,,,,,,,,,,,,,,,
10/12/2020,MCI Framingham,With 1 other person,36,,,,,,,,,,,,,,,,,,,,,,,,,,
10/12/2020,MCI Framingham,2 or more other people,26,,,,,,,,,,,,,,,,,,,,,,,,,,
10/12/2020,MCI Norfolk,Alone,681,,,,,,,,,,,,,,,,,,,,,,,,,,
10/12/2020,MCI Norfolk,With 1 other person,492,,,,,,,,,,,,,,,,,,,,,,,,,,
10/12/2020,MCI Norfolk,2 or more other people,71,,,,,,,,,,,,,,,,,,,,,,,,,,
10/12/2020,MCI Shirley,Alone,467,,,,,,,,,,,,,,,,,,,,,,,,,,
10/12/2020,MCI Shirley,With 1 other person,474,,,,,,,,,,,,,,,,,,,,,,,,,,
10/12/2020,MCI Shirley,2 or more other people,153,,,,,,,,,,,,,,,,,,,,,,,,,,
10/12/2020,NCCI Gardner,Alone,60,,,,,,,,,,,,,,,,,,,,,,,,,,
10/12/2020,NCCI Gardner,With 1 other person,258,,,,,,,,,,,,,,,,,,,,,,,,,,
10/12/2020,NCCI Gardner,2 or more other people,545,,,,,,,,,,,,,,,,,,,,,,,,,,
10/12/2020,Northeastern CC,Alone,83,,,,,,,,,,,,,,,,,,,,,,,,,,
10/12/2020,Northeastern CC,With 1 other person,68,,,,,,,,,,,,,,,,,,,,,,,,,,
10/12/2020,Old Colony CC,Alone,264,,,,,,,,,,,,,,,,,,,,,,,,,,
10/12/2020,Old Colony CC,With 1 other person,350,,,,,,,,,,,,,,,,,,,,,,,,,,
10/12/2020,Old Colony CC,2 or more other people,88,,,,,,,,,,,,,,,,,,,,,,,,,,
10/12/2020,Pondville CC,Alone,47,,,,,,,,,,,,,,,,,,,,,,,,,,
10/12/2020,Pondville CC,With 1 other person,74,,,,,,,,,,,,,,,,,,,,,,,,,,
10/12/2020,South Middlesex CC,Alone,31,,,,,,,,,,,,,,,,,,,,,,,,,,
10/12/2020,Souza-Baranowski CC,Alone,503,,,,,,,,,,,,,,,,,,,,,,,,,,
10/12/2020,Souza-Baranowski CC,With 1 other person,134,,,,,,,,,,,,,,,,,,,,,,,,,,
10/19/2020,OUT-OF-DOC Transfer,OUT-OF-DOC Transfer Outside Hospital,2,,,,,,,,,,,,,,,,,,,,,,,,,,
10/19/2020,OUT-OF-DOC Transfer,OUT-OF-DOC Transfer Remand,3,,,,,,,,,,,,,,,,,,,,,,,,,,
10/19/2020,Boston Pre-Release Center,Alone,46,,,,,,,,,,,,,,,,,,,,,,,,,,
10/19/2020,Bridgewater State Hospital,Alone,192,,,,,,,,,,,,,,,,,,,,,,,,,,
10/19/2020,Bridgewater State Hospital,2 or more other people,15,,,,,,,,,,,,,,,,,,,,,,,,,,
10/19/2020,Lemuel Shattuck Hospital CC,Alone,6,,,,,,,,,,,,,,,,,,,,,,,,,,
10/19/2020,Lemuel Shattuck Hospital CC,With 1 other person,6,,,,,,,,,,,,,,,,,,,,,,,,,,
10/19/2020,Lemuel Shattuck Hospital CC,2 or more other people,6,,,,,,,,,,,,,,,,,,,,,,,,,,
10/19/2020,MA Treatment Center,Alone,163,,,,,,,,,,,,,,,,,,,,,,,,,,
10/19/2020,MA Treatment Center,With 1 other person,98,,,,,,,,,,,,,,,,,,,,,,,,,,
10/19/2020,MA Treatment Center,2 or more other people,300,,,,,,,,,,,,,,,,,,,,,,,,,,
10/19/2020,MASAC at  Plymouth,Alone,55,,,,,,,,,,,,,,,,,,,,,,,,,,
10/19/2020,MCI Cedar Junction,Alone,381,,,,,,,,,,,,,,,,,,,,,,,,,,
10/19/2020,MCI Concord,Alone,110,,,,,,,,,,,,,,,,,,,,,,,,,,
10/19/2020,MCI Concord,With 1 other person,292,,,,,,,,,,,,,,,,,,,,,,,,,,
10/19/2020,MCI Concord,2 or more other people,117,,,,,,,,,,,,,,,,,,,,,,,,,,
10/19/2020,MCI Framingham,Alone,117,,,,,,,,,,,,,,,,,,,,,,,,,,
10/19/2020,MCI Framingham,With 1 other person,34,,,,,,,,,,,,,,,,,,,,,,,,,,
10/19/2020,MCI Framingham,2 or more other people,26,,,,,,,,,,,,,,,,,,,,,,,,,,
10/19/2020,MCI Norfolk,Alone,700,,,,,,,,,,,,,,,,,,,,,,,,,,
10/19/2020,MCI Norfolk,With 1 other person,472,,,,,,,,,,,,,,,,,,,,,,,,,,
10/19/2020,MCI Norfolk,2 or more other people,63,,,,,,,,,,,,,,,,,,,,,,,,,,
10/19/2020,MCI Shirley,Alone,461,,,,,,,,,,,,,,,,,,,,,,,,,,
10/19/2020,MCI Shirley,With 1 other person,482,,,,,,,,,,,,,,,,,,,,,,,,,,
10/19/2020,MCI Shirley,2 or more other people,155,,,,,,,,,,,,,,,,,,,,,,,,,,
10/19/2020,NCCI Gardner,Alone,67,,,,,,,,,,,,,,,,,,,,,,,,,,
10/19/2020,NCCI Gardner,With 1 other person,260,,,,,,,,,,,,,,,,,,,,,,,,,,
10/19/2020,NCCI Gardner,2 or more other people,537,,,,,,,,,,,,,,,,,,,,,,,,,,
10/19/2020,Northeastern CC,Alone,81,,,,,,,,,,,,,,,,,,,,,,,,,,
10/19/2020,Northeastern CC,With 1 other person,68,,,,,,,,,,,,,,,,,,,,,,,,,,
10/19/2020,Old Colony CC,Alone,268,,,,,,,,,,,,,,,,,,,,,,,,,,
10/19/2020,Old Colony CC,With 1 other person,340,,,,,,,,,,,,,,,,,,,,,,,,,,
10/19/2020,Old Colony CC,2 or more other people,93,,,,,,,,,,,,,,,,,,,,,,,,,,
10/19/2020,Pondville CC,Alone,34,,,,,,,,,,,,,,,,,,,,,,,,,,
10/19/2020,Pondville CC,With 1 other person,90,,,,,,,,,,,,,,,,,,,,,,,,,,
10/19/2020,South Middlesex CC,Alone,29,,,,,,,,,,,,,,,,,,,,,,,,,,
10/19/2020,Souza-Baranowski CC,Alone,499,,,,,,,,,,,,,,,,,,,,,,,,,,
10/19/2020,Souza-Baranowski CC,With 1 other person,136,,,,,,,,,,,,,,,,,,,,,,,,,,
10/26/2020,OUT-OF-DOC Transfer,OUT-OF-DOC Transfer Outside Hospital,1,,,,,,,,,,,,,,,,,,,,,,,,,,
10/26/2020,OUT-OF-DOC Transfer,OUT-OF-DOC Transfer Remand,3,,,,,,,,,,,,,,,,,,,,,,,,,,
10/26/2020,Boston Pre-Release Center,Alone,45,,,,,,,,,,,,,,,,,,,,,,,,,,
10/26/2020,Bridgewater State Hospital,Alone,196,,,,,,,,,,,,,,,,,,,,,,,,,,
10/26/2020,Bridgewater State Hospital,2 or more other people,16,,,,,,,,,,,,,,,,,,,,,,,,,,
10/26/2020,Lemuel Shattuck Hospital CC,Alone,9,,,,,,,,,,,,,,,,,,,,,,,,,,
10/26/2020,Lemuel Shattuck Hospital CC,With 1 other person,8,,,,,,,,,,,,,,,,,,,,,,,,,,
10/26/2020,Lemuel Shattuck Hospital CC,2 or more other people,3,,,,,,,,,,,,,,,,,,,,,,,,,,
10/26/2020,MA Treatment Center,Alone,163,,,,,,,,,,,,,,,,,,,,,,,,,,
10/26/2020,MA Treatment Center,With 1 other person,92,,,,,,,,,,,,,,,,,,,,,,,,,,
10/26/2020,MA Treatment Center,2 or more other people,305,,,,,,,,,,,,,,,,,,,,,,,,,,
10/26/2020,MASAC at  Plymouth,Alone,32,,,,,,,,,,,,,,,,,,,,,,,,,,
10/26/2020,MCI Cedar Junction,Alone,376,,,,,,,,,,,,,,,,,,,,,,,,,,
10/26/2020,MCI Concord,Alone,115,,,,,,,,,,,,,,,,,,,,,,,,,,
10/26/2020,MCI Concord,With 1 other person,292,,,,,,,,,,,,,,,,,,,,,,,,,,
10/26/2020,MCI Concord,2 or more other people,116,,,,,,,,,,,,,,,,,,,,,,,,,,
10/26/2020,MCI Framingham,Alone,116,,,,,,,,,,,,,,,,,,,,,,,,,,
10/26/2020,MCI Framingham,With 1 other person,38,,,,,,,,,,,,,,,,,,,,,,,,,,
10/26/2020,MCI Framingham,2 or more other people,25,,,,,,,,,,,,,,,,,,,,,,,,,,
10/26/2020,MCI Norfolk,Alone,702,,,,,,,,,,,,,,,,,,,,,,,,,,
10/26/2020,MCI Norfolk,With 1 other person,474,,,,,,,,,,,,,,,,,,,,,,,,,,
10/26/2020,MCI Norfolk,2 or more other people,60,,,,,,,,,,,,,,,,,,,,,,,,,,
10/26/2020,MCI Shirley,Alone,468,,,,,,,,,,,,,,,,,,,,,,,,,,
10/26/2020,MCI Shirley,With 1 other person,466,,,,,,,,,,,,,,,,,,,,,,,,,,
10/26/2020,MCI Shirley,2 or more other people,160,,,,,,,,,,,,,,,,,,,,,,,,,,
10/26/2020,NCCI Gardner,Alone,67,,,,,,,,,,,,,,,,,,,,,,,,,,
10/26/2020,NCCI Gardner,With 1 other person,256,,,,,,,,,,,,,,,,,,,,,,,,,,
10/26/2020,NCCI Gardner,2 or more other people,536,,,,,,,,,,,,,,,,,,,,,,,,,,
10/26/2020,Northeastern CC,Alone,88,,,,,,,,,,,,,,,,,,,,,,,,,,
10/26/2020,Northeastern CC,With 1 other person,58,,,,,,,,,,,,,,,,,,,,,,,,,,
10/26/2020,Old Colony CC,Alone,282,,,,,,,,,,,,,,,,,,,,,,,,,,
10/26/2020,Old Colony CC,With 1 other person,326,,,,,,,,,,,,,,,,,,,,,,,,,,
10/26/2020,Old Colony CC,2 or more other people,90,,,,,,,,,,,,,,,,,,,,,,,,,,
10/26/2020,Pondville CC,Alone,33,,,,,,,,,,,,,,,,,,,,,,,,,,
10/26/2020,Pondville CC,With 1 other person,94,,,,,,,,,,,,,,,,,,,,,,,,,,
10/26/2020,South Middlesex CC,Alone,29,,,,,,,,,,,,,,,,,,,,,,,,,,
10/26/2020,Souza-Baranowski CC,Alone,505,,,,,,,,,,,,,,,,,,,,,,,,,,
10/26/2020,Souza-Baranowski CC,With 1 other person,130,,,,,,,,,,,,,,,,,,,,,,,,,,
11/9/2020,OUT-OF-DOC Transfer,OUT-OF-DOC Transfer Remand,3,,,,,,,,,,,,,,,,,,,,,,,,,,
11/9/2020,Boston Pre-Release Center,Alone,43,,,,,,,,,,,,,,,,,,,,,,,,,,
11/9/2020,Bridgewater State Hospital,Alone,190,,,,,,,,,,,,,,,,,,,,,,,,,,
11/9/2020,Bridgewater State Hospital,2 or more other people,13,,,,,,,,,,,,,,,,,,,,,,,,,,
11/9/2020,Lemuel Shattuck Hospital CC,Alone,7,,,,,,,,,,,,,,,,,,,,,,,,,,
11/9/2020,Lemuel Shattuck Hospital CC,With 1 other person,2,,,,,,,,,,,,,,,,,,,,,,,,,,
11/9/2020,Lemuel Shattuck Hospital CC,2 or more other people,9,,,,,,,,,,,,,,,,,,,,,,,,,,
11/9/2020,MA Treatment Center,Alone,166,,,,,,,,,,,,,,,,,,,,,,,,,,
11/9/2020,MA Treatment Center,With 1 other person,84,,,,,,,,,,,,,,,,,,,,,,,,,,
11/9/2020,MA Treatment Center,2 or more other people,311,,,,,,,,,,,,,,,,,,,,,,,,,,
11/9/2020,MASAC at  Plymouth,,0,,,,,,,,,,,,,,,,,,,,,,,,,,
11/9/2020,MCI Cedar Junction,Alone,379,,,,,,,,,,,,,,,,,,,,,,,,,,
11/9/2020,MCI Concord,Alone,115,,,,,,,,,,,,,,,,,,,,,,,,,,
11/9/2020,MCI Concord,With 1 other person,278,,,,,,,,,,,,,,,,,,,,,,,,,,
11/9/2020,MCI Concord,2 or more other people,118,,,,,,,,,,,,,,,,,,,,,,,,,,
11/9/2020,MCI Framingham,Alone,112,,,,,,,,,,,,,,,,,,,,,,,,,,
11/9/2020,MCI Framingham,With 1 other person,44,,,,,,,,,,,,,,,,,,,,,,,,,,
11/9/2020,MCI Framingham,2 or more other people,24,,,,,,,,,,,,,,,,,,,,,,,,,,
11/9/2020,MCI Norfolk,Alone,619,,,,,,,,,,,,,,,,,,,,,,,,,,
11/9/2020,MCI Norfolk,With 1 other person,474,,,,,,,,,,,,,,,,,,,,,,,,,,
11/9/2020,MCI Norfolk,2 or more other people,139,,,,,,,,,,,,,,,,,,,,,,,,,,
11/9/2020,MCI Shirley,Alone,457,,,,,,,,,,,,,,,,,,,,,,,,,,
11/9/2020,MCI Shirley,With 1 other person,494,,,,,,,,,,,,,,,,,,,,,,,,,,
11/9/2020,MCI Shirley,2 or more other people,155,,,,,,,,,,,,,,,,,,,,,,,,,,
11/9/2020,NCCI Gardner,Alone,68,,,,,,,,,,,,,,,,,,,,,,,,,,
11/9/2020,NCCI Gardner,With 1 other person,252,,,,,,,,,,,,,,,,,,,,,,,,,,
11/9/2020,NCCI Gardner,2 or more other people,530,,,,,,,,,,,,,,,,,,,,,,,,,,
11/9/2020,Northeastern CC,Alone,90,,,,,,,,,,,,,,,,,,,,,,,,,,
11/9/2020,Northeastern CC,With 1 other person,54,,,,,,,,,,,,,,,,,,,,,,,,,,
11/9/2020,Old Colony CC,Alone,279,,,,,,,,,,,,,,,,,,,,,,,,,,
11/9/2020,Old Colony CC,With 1 other person,326,,,,,,,,,,,,,,,,,,,,,,,,,,
11/9/2020,Old Colony CC,2 or more other people,89,,,,,,,,,,,,,,,,,,,,,,,,,,
11/9/2020,Pondville CC,Alone,50,,,,,,,,,,,,,,,,,,,,,,,,,,
11/9/2020,Pondville CC,With 1 other person,74,,,,,,,,,,,,,,,,,,,,,,,,,,
11/9/2020,South Middlesex CC,Alone,26,,,,,,,,,,,,,,,,,,,,,,,,,,
11/9/2020,Souza-Baranowski CC,Alone,514,,,,,,,,,,,,,,,,,,,,,,,,,,
11/9/2020,Souza-Baranowski CC,With 1 other person,116,,,,,,,,,,,,,,,,,,,,,,,,,,
11/16/2020,OUT-OF-DOC Transfer,OUT-OF-DOC Transfer Outside Hospital,4,,,,,,,,,,,,,,,,,,,,,,,,,,
11/16/2020,OUT-OF-DOC Transfer,OUT-OF-DOC Transfer Remand,4,,,,,,,,,,,,,,,,,,,,,,,,,,
11/16/2020,Boston Pre-Release Center,Alone,43,,,,,,,,,,,,,,,,,,,,,,,,,,
11/16/2020,Bridgewater State Hospital,Alone,188,,,,,,,,,,,,,,,,,,,,,,,,,,
11/16/2020,Lemuel Shattuck Hospital CC,Alone,11,,,,,,,,,,,,,,,,,,,,,,,,,,
11/16/2020,Lemuel Shattuck Hospital CC,With 1 other person,2,,,,,,,,,,,,,,,,,,,,,,,,,,
11/16/2020,Lemuel Shattuck Hospital CC,2 or more other people,3,,,,,,,,,,,,,,,,,,,,,,,,,,
11/16/2020,MA Treatment Center,Alone,168,,,,,,,,,,,,,,,,,,,,,,,,,,
11/16/2020,MA Treatment Center,With 1 other person,84,,,,,,,,,,,,,,,,,,,,,,,,,,
11/16/2020,MA Treatment Center,2 or more other people,308,,,,,,,,,,,,,,,,,,,,,,,,,,
11/16/2020,MASAC at  Plymouth,Alone,4,,,,,,,,,,,,,,,,,,,,,,,,,,
11/16/2020,MCI Cedar Junction,Alone,387,,,,,,,,,,,,,,,,,,,,,,,,,,
11/16/2020,MCI Concord,Alone,109,,,,,,,,,,,,,,,,,,,,,,,,,,
11/16/2020,MCI Concord,With 1 other person,308,,,,,,,,,,,,,,,,,,,,,,,,,,
11/16/2020,MCI Concord,2 or more other people,96,,,,,,,,,,,,,,,,,,,,,,,,,,
11/16/2020,MCI Framingham,Alone,109,,,,,,,,,,,,,,,,,,,,,,,,,,
11/16/2020,MCI Framingham,With 1 other person,44,,,,,,,,,,,,,,,,,,,,,,,,,,
11/16/2020,MCI Framingham,2 or more other people,19,,,,,,,,,,,,,,,,,,,,,,,,,,
11/16/2020,MCI Norfolk,Alone,692,,,,,,,,,,,,,,,,,,,,,,,,,,
11/16/2020,MCI Norfolk,With 1 other person,466,,,,,,,,,,,,,,,,,,,,,,,,,,
11/16/2020,MCI Norfolk,2 or more other people,66,,,,,,,,,,,,,,,,,,,,,,,,,,
11/16/2020,MCI Shirley,Alone,457,,,,,,,,,,,,,,,,,,,,,,,,,,
11/16/2020,MCI Shirley,With 1 other person,494,,,,,,,,,,,,,,,,,,,,,,,,,,
11/16/2020,MCI Shirley,2 or more other people,151,,,,,,,,,,,,,,,,,,,,,,,,,,
11/16/2020,NCCI Gardner,Alone,61,,,,,,,,,,,,,,,,,,,,,,,,,,
11/16/2020,NCCI Gardner,With 1 other person,262,,,,,,,,,,,,,,,,,,,,,,,,,,
11/16/2020,NCCI Gardner,2 or more other people,527,,,,,,,,,,,,,,,,,,,,,,,,,,
11/16/2020,Northeastern CC,Alone,88,,,,,,,,,,,,,,,,,,,,,,,,,,
11/16/2020,Northeastern CC,With 1 other person,56,,,,,,,,,,,,,,,,,,,,,,,,,,
11/16/2020,Old Colony CC,Alone,271,,,,,,,,,,,,,,,,,,,,,,,,,,
11/16/2020,Old Colony CC,With 1 other person,340,,,,,,,,,,,,,,,,,,,,,,,,,,
11/16/2020,Old Colony CC,2 or more other people,83,,,,,,,,,,,,,,,,,,,,,,,,,,
11/16/2020,Pondville CC,Alone,55,,,,,,,,,,,,,,,,,,,,,,,,,,
11/16/2020,Pondville CC,With 1 other person,68,,,,,,,,,,,,,,,,,,,,,,,,,,
11/16/2020,South Middlesex CC,Alone,29,,,,,,,,,,,,,,,,,,,,,,,,,,
11/16/2020,Souza-Baranowski CC,Alone,502,,,,,,,,,,,,,,,,,,,,,,,,,,
11/16/2020,Souza-Baranowski CC,With 1 other person,126,,,,,,,,,,,,,,,,,,,,,,,,,,
11/23/2020,OUT-OF-DOC Transfer,OUT-OF-DOC Transfer Outside Hospital,4,,,,,,,,,,,,,,,,,,,,,,,,,,
11/23/2020,OUT-OF-DOC Transfer,OUT-OF-DOC Transfer Remand,4,,,,,,,,,,,,,,,,,,,,,,,,,,
11/23/2020,Boston Pre-Release Center,Alone,40,,,,,,,,,,,,,,,,,,,,,,,,,,
11/23/2020,Bridgewater State Hospital,Alone,194,,,,,,,,,,,,,,,,,,,,,,,,,,
11/23/2020,Bridgewater State Hospital,2 or more other people,14,,,,,,,,,,,,,,,,,,,,,,,,,,
11/23/2020,Lemuel Shattuck Hospital CC,Alone,11,,,,,,,,,,,,,,,,,,,,,,,,,,
11/23/2020,Lemuel Shattuck Hospital CC,With 1 other person,2,,,,,,,,,,,,,,,,,,,,,,,,,,
11/23/2020,MA Treatment Center,Alone,158,,,,,,,,,,,,,,,,,,,,,,,,,,
11/23/2020,MA Treatment Center,With 1 other person,90,,,,,,,,,,,,,,,,,,,,,,,,,,
11/23/2020,MA Treatment Center,2 or more other people,310,,,,,,,,,,,,,,,,,,,,,,,,,,
11/23/2020,MASAC at  Plymouth,Alone,5,,,,,,,,,,,,,,,,,,,,,,,,,,
11/23/2020,MCI Cedar Junction,Alone,402,,,,,,,,,,,,,,,,,,,,,,,,,,
11/23/2020,MCI Concord,Alone,112,,,,,,,,,,,,,,,,,,,,,,,,,,
11/23/2020,MCI Concord,With 1 other person,304,,,,,,,,,,,,,,,,,,,,,,,,,,
11/23/2020,MCI Concord,2 or more other people,94,,,,,,,,,,,,,,,,,,,,,,,,,,
11/23/2020,MCI Framingham,Alone,113,,,,,,,,,,,,,,,,,,,,,,,,,,
11/23/2020,MCI Framingham,With 1 other person,40,,,,,,,,,,,,,,,,,,,,,,,,,,
11/23/2020,MCI Framingham,2 or more other people,18,,,,,,,,,,,,,,,,,,,,,,,,,,
11/23/2020,MCI Norfolk,Alone,712,,,,,,,,,,,,,,,,,,,,,,,,,,
11/23/2020,MCI Norfolk,With 1 other person,454,,,,,,,,,,,,,,,,,,,,,,,,,,
11/23/2020,MCI Norfolk,2 or more other people,59,,,,,,,,,,,,,,,,,,,,,,,,,,
11/23/2020,MCI Shirley,Alone,476,,,,,,,,,,,,,,,,,,,,,,,,,,
11/23/2020,MCI Shirley,With 1 other person,478,,,,,,,,,,,,,,,,,,,,,,,,,,
11/23/2020,MCI Shirley,2 or more other people,138,,,,,,,,,,,,,,,,,,,,,,,,,,
11/23/2020,NCCI Gardner,Alone,63,,,,,,,,,,,,,,,,,,,,,,,,,,
11/23/2020,NCCI Gardner,With 1 other person,258,,,,,,,,,,,,,,,,,,,,,,,,,,
11/23/2020,NCCI Gardner,2 or more other people,525,,,,,,,,,,,,,,,,,,,,,,,,,,
11/23/2020,Northeastern CC,Alone,89,,,,,,,,,,,,,,,,,,,,,,,,,,
11/23/2020,Northeastern CC,With 1 other person,56,,,,,,,,,,,,,,,,,,,,,,,,,,
11/23/2020,Old Colony CC,Alone,274,,,,,,,,,,,,,,,,,,,,,,,,,,
11/23/2020,Old Colony CC,With 1 other person,344,,,,,,,,,,,,,,,,,,,,,,,,,,
11/23/2020,Old Colony CC,2 or more other people,82,,,,,,,,,,,,,,,,,,,,,,,,,,
11/23/2020,Pondville CC,Alone,42,,,,,,,,,,,,,,,,,,,,,,,,,,
11/23/2020,Pondville CC,With 1 other person,76,,,,,,,,,,,,,,,,,,,,,,,,,,
11/23/2020,South Middlesex CC,Alone,29,,,,,,,,,,,,,,,,,,,,,,,,,,
11/23/2020,Souza-Baranowski CC,Alone,509,,,,,,,,,,,,,,,,,,,,,,,,,,
11/23/2020,Souza-Baranowski CC,With 1 other person,114,,,,,,,,,,,,,,,,,,,,,,,,,,
11/30/2020,OUT-OF-DOC Transfer,OUT-OF-DOC Transfer Outside Hospital,3,,,,,,,,,,,,,,,,,,,,,,,,,,
11/30/2020,OUT-OF-DOC Transfer,OUT-OF-DOC Transfer Remand,4,,,,,,,,,,,,,,,,,,,,,,,,,,
11/30/2020,Boston Pre-Release Center,Alone,41,,,,,,,,,,,,,,,,,,,,,,,,,,
11/30/2020,Bridgewater State Hospital,Alone,198,,,,,,,,,,,,,,,,,,,,,,,,,,
11/30/2020,Lemuel Shattuck Hospital CC,Alone,9,,,,,,,,,,,,,,,,,,,,,,,,,,
11/30/2020,Lemuel Shattuck Hospital CC,With 1 other person,2,,,,,,,,,,,,,,,,,,,,,,,,,,
11/30/2020,MA Treatment Center,Alone,164,,,,,,,,,,,,,,,,,,,,,,,,,,
11/30/2020,MA Treatment Center,With 1 other person,88,,,,,,,,,,,,,,,,,,,,,,,,,,
11/30/2020,MA Treatment Center,2 or more other people,308,,,,,,,,,,,,,,,,,,,,,,,,,,
11/30/2020,MASAC at Plymouth,Alone,8,,,,,,,,,,,,,,,,,,,,,,,,,,
11/30/2020,MCI Cedar Junction,Alone,397,,,,,,,,,,,,,,,,,,,,,,,,,,
11/30/2020,MCI Concord,Alone,97,,,,,,,,,,,,,,,,,,,,,,,,,,
11/30/2020,MCI Concord,With 1 other person,306,,,,,,,,,,,,,,,,,,,,,,,,,,
11/30/2020,MCI Concord,2 or more other people,108,,,,,,,,,,,,,,,,,,,,,,,,,,
11/30/2020,MCI Framingham,Alone,114,,,,,,,,,,,,,,,,,,,,,,,,,,
11/30/2020,MCI Framingham,With 1 other person,38,,,,,,,,,,,,,,,,,,,,,,,,,,
11/30/2020,MCI Framingham,2 or more other people,22,,,,,,,,,,,,,,,,,,,,,,,,,,
11/30/2020,MCI Norfolk,Alone,703,,,,,,,,,,,,,,,,,,,,,,,,,,
11/30/2020,MCI Norfolk,With 1 other person,462,,,,,,,,,,,,,,,,,,,,,,,,,,
11/30/2020,MCI Norfolk,2 or more other people,56,,,,,,,,,,,,,,,,,,,,,,,,,,
11/30/2020,MCI Shirley,Alone,483,,,,,,,,,,,,,,,,,,,,,,,,,,
11/30/2020,MCI Shirley,With 1 other person,466,,,,,,,,,,,,,,,,,,,,,,,,,,
11/30/2020,MCI Shirley,2 or more other people,136,,,,,,,,,,,,,,,,,,,,,,,,,,
11/30/2020,NCCI Gardner,Alone,67,,,,,,,,,,,,,,,,,,,,,,,,,,
11/30/2020,NCCI Gardner,With 1 other person,258,,,,,,,,,,,,,,,,,,,,,,,,,,
11/30/2020,NCCI Gardner,2 or more other people,521,,,,,,,,,,,,,,,,,,,,,,,,,,
11/30/2020,Northeastern CC,Alone,90,,,,,,,,,,,,,,,,,,,,,,,,,,
11/30/2020,Northeastern CC,With 1 other person,54,,,,,,,,,,,,,,,,,,,,,,,,,,
11/30/2020,Old Colony CC,Alone,265,,,,,,,,,,,,,,,,,,,,,,,,,,
11/30/2020,Old Colony CC,With 1 other person,352,,,,,,,,,,,,,,,,,,,,,,,,,,
11/30/2020,Old Colony CC,2 or more other people,80,,,,,,,,,,,,,,,,,,,,,,,,,,
11/30/2020,Pondville CC,Alone,56,,,,,,,,,,,,,,,,,,,,,,,,,,
11/30/2020,Pondville CC,With 1 other person,62,,,,,,,,,,,,,,,,,,,,,,,,,,
11/30/2020,South Middlesex CC,Alone,29,,,,,,,,,,,,,,,,,,,,,,,,,,
11/30/2020,Souza-Baranowski CC,Alone,521,,,,,,,,,,,,,,,,,,,,,,,,,,
11/30/2020,Souza-Baranowski CC,With 1 other person,104,,,,,,,,,,,,,,,,,,,,,,,,,,
12/7/2020,OUT-OF-DOC Transfer,OUT-OF-DOC Transfer Outside Hospital,2,,,,,,,,,,,,,,,,,,,,,,,,,,
12/7/2020,OUT-OF-DOC Transfer,OUT-OF-DOC Transfer Remand,4,,,,,,,,,,,,,,,,,,,,,,,,,,
12/7/2020,Boston Pre-Release Center,Alone,40,,,,,,,,,,,,,,,,,,,,,,,,,,
12/7/2020,Bridgewater State Hospital,Alone,197,,,,,,,,,,,,,,,,,,,,,,,,,,
12/7/2020,Bridgewater State Hospital,2 or more other people,17,,,,,,,,,,,,,,,,,,,,,,,,,,
12/7/2020,Lemuel Shattuck Hospital CC,Alone,9,,,,,,,,,,,,,,,,,,,,,,,,,,
12/7/2020,Lemuel Shattuck Hospital CC,With 1 other person,6,,,,,,,,,,,,,,,,,,,,,,,,,,
12/7/2020,Lemuel Shattuck Hospital CC,2 or more other people,3,,,,,,,,,,,,,,,,,,,,,,,,,,
12/7/2020,MA Treatment Center,Alone,165,,,,,,,,,,,,,,,,,,,,,,,,,,
12/7/2020,MA Treatment Center,With 1 other person,86,,,,,,,,,,,,,,,,,,,,,,,,,,
12/7/2020,MA Treatment Center,2 or more other people,302,,,,,,,,,,,,,,,,,,,,,,,,,,
12/7/2020,MASAC at Plymouth,Alone,12,,,,,,,,,,,,,,,,,,,,,,,,,,
12/7/2020,MCI Cedar Junction,Alone,410,,,,,,,,,,,,,,,,,,,,,,,,,,
12/7/2020,MCI Concord,Alone,141,,,,,,,,,,,,,,,,,,,,,,,,,,
12/7/2020,MCI Concord,With 1 other person,264,,,,,,,,,,,,,,,,,,,,,,,,,,
12/7/2020,MCI Concord,2 or more other people,102,,,,,,,,,,,,,,,,,,,,,,,,,,
12/7/2020,MCI Framingham,Alone,106,,,,,,,,,,,,,,,,,,,,,,,,,,
12/7/2020,MCI Framingham,With 1 other person,48,,,,,,,,,,,,,,,,,,,,,,,,,,
12/7/2020,MCI Framingham,2 or more other people,20,,,,,,,,,,,,,,,,,,,,,,,,,,
12/7/2020,MCI Norfolk,Alone,708,,,,,,,,,,,,,,,,,,,,,,,,,,
12/7/2020,MCI Norfolk,With 1 other person,458,,,,,,,,,,,,,,,,,,,,,,,,,,
12/7/2020,MCI Norfolk,2 or more other people,52,,,,,,,,,,,,,,,,,,,,,,,,,,
12/7/2020,MCI Shirley,Alone,480,,,,,,,,,,,,,,,,,,,,,,,,,,
12/7/2020,MCI Shirley,With 1 other person,456,,,,,,,,,,,,,,,,,,,,,,,,,,
12/7/2020,MCI Shirley,2 or more other people,143,,,,,,,,,,,,,,,,,,,,,,,,,,
12/7/2020,NCCI Gardner,Alone,69,,,,,,,,,,,,,,,,,,,,,,,,,,
12/7/2020,NCCI Gardner,With 1 other person,256,,,,,,,,,,,,,,,,,,,,,,,,,,
12/7/2020,NCCI Gardner,2 or more other people,517,,,,,,,,,,,,,,,,,,,,,,,,,,
12/7/2020,Northeastern CC,Alone,90,,,,,,,,,,,,,,,,,,,,,,,,,,
12/7/2020,Northeastern CC,With 1 other person,48,,,,,,,,,,,,,,,,,,,,,,,,,,
12/7/2020,Old Colony CC,Alone,254,,,,,,,,,,,,,,,,,,,,,,,,,,
12/7/2020,Old Colony CC,With 1 other person,362,,,,,,,,,,,,,,,,,,,,,,,,,,
12/7/2020,Old Colony CC,2 or more other people,79,,,,,,,,,,,,,,,,,,,,,,,,,,
12/7/2020,Pondville CC,Alone,55,,,,,,,,,,,,,,,,,,,,,,,,,,
12/7/2020,Pondville CC,With 1 other person,62,,,,,,,,,,,,,,,,,,,,,,,,,,
12/7/2020,South Middlesex CC,Alone,29,,,,,,,,,,,,,,,,,,,,,,,,,,
12/7/2020,Souza-Baranowski CC,Alone,508,,,,,,,,,,,,,,,,,,,,,,,,,,
12/7/2020,Souza-Baranowski CC,With 1 other person,114,,,,,,,,,,,,,,,,,,,,,,,,,,
12/14/2020,OUT-OF-DOC Transfer,OUT-OF-DOC Transfer Outside Hospital,4,,,,,,,,,,,,,,,,,,,,,,,,,,
12/14/2020,OUT-OF-DOC Transfer,OUT-OF-DOC Transfer Remand,4,,,,,,,,,,,,,,,,,,,,,,,,,,
12/14/2020,Boston Pre-Release Center,Alone,41,,,,,,,,,,,,,,,,,,,,,,,,,,
12/14/2020,Bridgewater State Hospital,Alone,202,,,,,,,,,,,,,,,,,,,,,,,,,,
12/14/2020,Bridgewater State Hospital,2 or more other people,10,,,,,,,,,,,,,,,,,,,,,,,,,,
12/14/2020,Lemuel Shattuck Hospital CC,Alone,10,,,,,,,,,,,,,,,,,,,,,,,,,,
12/14/2020,Lemuel Shattuck Hospital CC,With 1 other person,4,,,,,,,,,,,,,,,,,,,,,,,,,,
12/14/2020,Lemuel Shattuck Hospital CC,2 or more other people,6,,,,,,,,,,,,,,,,,,,,,,,,,,
12/14/2020,MA Treatment Center,Alone,134,,,,,,,,,,,,,,,,,,,,,,,,,,
12/14/2020,MA Treatment Center,With 1 other person,116,,,,,,,,,,,,,,,,,,,,,,,,,,
12/14/2020,MA Treatment Center,2 or more other people,302,,,,,,,,,,,,,,,,,,,,,,,,,,
12/14/2020,MASAC at Plymouth,Alone,14,,,,,,,,,,,,,,,,,,,,,,,,,,
12/14/2020,MCI Cedar Junction,Alone,422,,,,,,,,,,,,,,,,,,,,,,,,,,
12/14/2020,MCI Concord,Alone,137,,,,,,,,,,,,,,,,,,,,,,,,,,
12/14/2020,MCI Concord,With 1 other person,260,,,,,,,,,,,,,,,,,,,,,,,,,,
12/14/2020,MCI Concord,2 or more other people,108,,,,,,,,,,,,,,,,,,,,,,,,,,
12/14/2020,MCI Framingham,Alone,108,,,,,,,,,,,,,,,,,,,,,,,,,,
12/14/2020,MCI Framingham,With 1 other person,46,,,,,,,,,,,,,,,,,,,,,,,,,,
12/14/2020,MCI Framingham,2 or more other people,22,,,,,,,,,,,,,,,,,,,,,,,,,,
12/14/2020,MCI Norfolk,Alone,726,,,,,,,,,,,,,,,,,,,,,,,,,,
12/14/2020,MCI Norfolk,With 1 other person,376,,,,,,,,,,,,,,,,,,,,,,,,,,
12/14/2020,MCI Norfolk,2 or more other people,107,,,,,,,,,,,,,,,,,,,,,,,,,,
12/14/2020,MCI Shirley,Alone,476,,,,,,,,,,,,,,,,,,,,,,,,,,
12/14/2020,MCI Shirley,With 1 other person,470,,,,,,,,,,,,,,,,,,,,,,,,,,
12/14/2020,MCI Shirley,2 or more other people,128,,,,,,,,,,,,,,,,,,,,,,,,,,
12/14/2020,NCCI Gardner,Alone,72,,,,,,,,,,,,,,,,,,,,,,,,,,
12/14/2020,NCCI Gardner,With 1 other person,252,,,,,,,,,,,,,,,,,,,,,,,,,,
12/14/2020,NCCI Gardner,2 or more other people,519,,,,,,,,,,,,,,,,,,,,,,,,,,
12/14/2020,Northeastern CC,Alone,95,,,,,,,,,,,,,,,,,,,,,,,,,,
12/14/2020,Northeastern CC,With 1 other person,40,,,,,,,,,,,,,,,,,,,,,,,,,,
12/14/2020,Old Colony CC,Alone,256,,,,,,,,,,,,,,,,,,,,,,,,,,
12/14/2020,Old Colony CC,With 1 other person,358,,,,,,,,,,,,,,,,,,,,,,,,,,
12/14/2020,Old Colony CC,2 or more other people,82,,,,,,,,,,,,,,,,,,,,,,,,,,
12/14/2020,Pondville CC,Alone,39,,,,,,,,,,,,,,,,,,,,,,,,,,
12/14/2020,Pondville CC,With 1 other person,76,,,,,,,,,,,,,,,,,,,,,,,,,,
12/14/2020,South Middlesex CC,Alone,28,,,,,,,,,,,,,,,,,,,,,,,,,,
12/14/2020,Souza-Baranowski CC,Alone,523,,,,,,,,,,,,,,,,,,,,,,,,,,
12/14/2020,Souza-Baranowski CC,With 1 other person,100,,,,,,,,,,,,,,,,,,,,,,,,,,
12/21/2020,OUT-OF-DOC Transfer,OUT-OF-DOC Transfer Outside Hospital,4,,,,,,,,,,,,,,,,,,,,,,,,,,
12/21/2020,OUT-OF-DOC Transfer,OUT-OF-DOC Transfer Remand,3,,,,,,,,,,,,,,,,,,,,,,,,,,
12/21/2020,Boston Pre-Release Center,Alone,41,,,,,,,,,,,,,,,,,,,,,,,,,,
12/21/2020,Bridgewater State Hospital,With 1 other person,8,,,,,,,,,,,,,,,,,,,,,,,,NA,NA,NA
12/21/2020,Bridgewater State Hospital,2 or more other people,10,,,,,,,,,,,,,,,,,,,,,,,,NA,NA,NA
12/21/2020,Lemuel Shattuck Hospital CC,Alone,9,,,,,,,,,,,,,,,,,,,,,,,,NA,NA,NA
12/21/2020,Lemuel Shattuck Hospital CC,2 or more other people,9,,,,,,,,,,,,,,,,,,,,,,,,NA,NA,NA
12/21/2020,MA Treatment Center,Alone,144,,,,,,,,,,,,,,,,,,,,,,,,NA,NA,NA
12/21/2020,MA Treatment Center,With 1 other person,108,,,,,,,,,,,,,,,,,,,,,,,,NA,NA,NA
12/21/2020,MA Treatment Center,2 or more other people,299,,,,,,,,,,,,,,,,,,,,,,,,NA,NA,NA
12/21/2020,MASAC at Plymouth,Alone,14,,,,,,,,,,,,,,,,,,,,,,,,NA,NA,NA
12/21/2020,MCI Cedar Junction,Alone,431,,,,,,,,,,,,,,,,,,,,,,,,NA,NA,NA
12/21/2020,MCI Concord,Alone,123,,,,,,,,,,,,,,,,,,,,,,,,NA,NA,NA
12/21/2020,MCI Concord,With 1 other person,254,,,,,,,,,,,,,,,,,,,,,,,,NA,NA,NA
12/21/2020,MCI Concord,2 or more other people,129,,,,,,,,,,,,,,,,,,,,,,,,NA,NA,NA
12/21/2020,MCI Framingham,Alone,99,,,,,,,,,,,,,,,,,,,,,,,,NA,NA,NA
12/21/2020,MCI Framingham,With 1 other person,50,,,,,,,,,,,,,,,,,,,,,,,,NA,NA,NA
12/21/2020,MCI Framingham,2 or more other people,20,,,,,,,,,,,,,,,,,,,,,,,,NA,NA,NA
12/21/2020,MCI Norfolk,Alone,694,,,,,,,,,,,,,,,,,,,,,,,,NA,NA,NA
12/21/2020,MCI Norfolk,With 1 other person,454,,,,,,,,,,,,,,,,,,,,,,,,NA,NA,NA
12/21/2020,MCI Norfolk,2 or more other people,59,,,,,,,,,,,,,,,,,,,,,,,,NA,NA,NA
12/21/2020,MCI Shirley,Alone,503,,,,,,,,,,,,,,,,,,,,,,,,NA,NA,NA
12/21/2020,MCI Shirley,With 1 other person,442,,,,,,,,,,,,,,,,,,,,,,,,NA,NA,NA
12/21/2020,MCI Shirley,2 or more other people,122,,,,,,,,,,,,,,,,,,,,,,,,NA,NA,NA
12/21/2020,NCCI Gardner,Alone,106,,,,,,,,,,,,,,,,,,,,,,,,NA,NA,NA
12/21/2020,NCCI Gardner,With 1 other person,210,,,,,,,,,,,,,,,,,,,,,,,,NA,NA,NA
12/21/2020,NCCI Gardner,2 or more other people,526,,,,,,,,,,,,,,,,,,,,,,,,NA,NA,NA
12/21/2020,Northeastern CC,Alone,98,,,,,,,,,,,,,,,,,,,,,,,,NA,NA,NA
12/21/2020,Northeastern CC,With 1 other person,32,,,,,,,,,,,,,,,,,,,,,,,,NA,NA,NA
12/21/2020,Old Colony CC,Alone,268,,,,,,,,,,,,,,,,,,,,,,,,NA,NA,NA
12/21/2020,Old Colony CC,With 1 other person,354,,,,,,,,,,,,,,,,,,,,,,,,NA,NA,NA
12/21/2020,Old Colony CC,2 or more other people,72,,,,,,,,,,,,,,,,,,,,,,,,NA,NA,NA
12/21/2020,Pondville CC,Alone,40,,,,,,,,,,,,,,,,,,,,,,,,NA,NA,NA
12/21/2020,Pondville CC,With 1 other person,72,,,,,,,,,,,,,,,,,,,,,,,,NA,NA,NA
12/21/2020,South Middlesex CC,Alone,28,,,,,,,,,,,,,,,,,,,,,,,,NA,NA,NA
12/21/2020,Souza-Baranowski CC,Alone,521,,,,,,,,,,,,,,,,,,,,,,,,NA,NA,NA
12/21/2020,Souza-Baranowski CC,With 1 other person,100,,,,,,,,,,,,,,,,,,,,,,,,NA,NA,NA
12/28/2020,OUT-OF-DOC Transfer,OUT-OF-DOC Transfer Outside Hospital,4,,,,,,,,,,,,,,,,,,,,,,,,,,
12/28/2020,OUT-OF-DOC Transfer,OUT-OF-DOC Transfer Remand,3,,,,,,,,,,,,,,,,,,,,,,,,,,
12/28/2020,Boston Pre-Release Center,Alone,40,,,,,,,,,,,,,,,,,,,,,,,,,,
12/28/2020,Bridgewater State Hospital,Alone,186,,,,,,,,,,,,,,,,,,,,,,,,,,
12/28/2020,Bridgewater State Hospital,2 or more other people,10,,,,,,,,,,,,,,,,,,,,,,,,,,
12/28/2020,Lemuel Shattuck Hospital CC,Alone,9,,,,,,,,,,,,,,,,,,,,,,,,,,
12/28/2020,Lemuel Shattuck Hospital CC,With 1 other person,2,,,,,,,,,,,,,,,,,,,,,,,,,,
12/28/2020,Lemuel Shattuck Hospital CC,2 or more other people,6,,,,,,,,,,,,,,,,,,,,,,,,,,
12/28/2020,MA Treatment Center,Alone,147,,,,,,,,,,,,,,,,,,,,,,,,,,
12/28/2020,MA Treatment Center,With 1 other person,104,,,,,,,,,,,,,,,,,,,,,,,,,,
12/28/2020,MA Treatment Center,2 or more other people,299,,,,,,,,,,,,,,,,,,,,,,,,,,
12/28/2020,MASAC at Plymouth,Alone,17,,,,,,,,,,,,,,,,,,,,,,,,,,
12/28/2020,MCI Cedar Junction,Alone,432,,,,,,,,,,,,,,,,,,,,,,,,,,
12/28/2020,MCI Concord,Alone,114,,,,,,,,,,,,,,,,,,,,,,,,,,
12/28/2020,MCI Concord,With 1 other person,266,,,,,,,,,,,,,,,,,,,,,,,,,,
12/28/2020,MCI Concord,2 or more other people,124,,,,,,,,,,,,,,,,,,,,,,,,,,
12/28/2020,MCI Framingham,Alone,104,,,,,,,,,,,,,,,,,,,,,,,,,,
12/28/2020,MCI Framingham,With 1 other person,44,,,,,,,,,,,,,,,,,,,,,,,,,,
12/28/2020,MCI Framingham,2 or more other people,12,,,,,,,,,,,,,,,,,,,,,,,,,,
12/28/2020,MCI Norfolk,Alone,680,,,,,,,,,,,,,,,,,,,,,,,,,,
12/28/2020,MCI Norfolk,With 1 other person,462,,,,,,,,,,,,,,,,,,,,,,,,,,
12/28/2020,MCI Norfolk,2 or more other people,65,,,,,,,,,,,,,,,,,,,,,,,,,,
12/28/2020,MCI Shirley,Alone,515,,,,,,,,,,,,,,,,,,,,,,,,,,
12/28/2020,MCI Shirley,With 1 other person,420,,,,,,,,,,,,,,,,,,,,,,,,,,
12/28/2020,MCI Shirley,2 or more other people,122,,,,,,,,,,,,,,,,,,,,,,,,,,
12/28/2020,NCCI Gardner,Alone,106,,,,,,,,,,,,,,,,,,,,,,,,,,
12/28/2020,NCCI Gardner,With 1 other person,206,,,,,,,,,,,,,,,,,,,,,,,,,,
12/28/2020,NCCI Gardner,2 or more other people,524,,,,,,,,,,,,,,,,,,,,,,,,,,
12/28/2020,Northeastern CC,Alone,99,,,,,,,,,,,,,,,,,,,,,,,,,,
12/28/2020,Northeastern CC,With 1 other person,28,,,,,,,,,,,,,,,,,,,,,,,,,,
12/28/2020,Old Colony CC,Alone,252,,,,,,,,,,,,,,,,,,,,,,,,,,
12/28/2020,Old Colony CC,With 1 other person,364,,,,,,,,,,,,,,,,,,,,,,,,,,
12/28/2020,Old Colony CC,2 or more other people,76,,,,,,,,,,,,,,,,,,,,,,,,,,
12/28/2020,Pondville CC,Alone,45,,,,,,,,,,,,,,,,,,,,,,,,,,
12/28/2020,Pondville CC,With 1 other person,66,,,,,,,,,,,,,,,,,,,,,,,,,,
12/28/2020,South Middlesex CC,Alone,29,,,,,,,,,,,,,,,,,,,,,,,,,,
12/28/2020,Souza-Baranowski CC,Alone,527,,,,,,,,,,,,,,,,,,,,,,,,,,
12/28/2020,Souza-Baranowski CC,With 1 other person,96,,,,,,,,,,,,,,,,,,,,,,,,,,
1/4/2021,OUT-OF-DOC Transfer,OUT-OF-DOC Transfer Outside Hospital,6,,,,,,,,,,,,,,,,,,,,,,,,,,
1/4/2021,OUT-OF-DOC Transfer,OUT-OF-DOC Transfer Remand,3,,,,,,,,,,,,,,,,,,,,,,,,,,
1/4/2021,Boston Pre-Release Center,Alone,38,,,,,,,,,,,,,,,,,,,,,,,,,,
1/4/2021,Bridgewater State Hospital,Alone,187,,,,,,,,,,,,,,,,,,,,,,,,,,
1/4/2021,Bridgewater State Hospital,2 or more other people,10,,,,,,,,,,,,,,,,,,,,,,,,,,
1/4/2021,Lemuel Shattuck Hospital CC,Alone,9,,,,,,,,,,,,,,,,,,,,,,,,,,
1/4/2021,Lemuel Shattuck Hospital CC,2 or more other people,6,,,,,,,,,,,,,,,,,,,,,,,,,,
1/4/2021,MA Treatment Center,Alone,151,,,,,,,,,,,,,,,,,,,,,,,,,,
1/4/2021,MA Treatment Center,With 1 other person,102,,,,,,,,,,,,,,,,,,,,,,,,,,
1/4/2021,MA Treatment Center,2 or more other people,291,,,,,,,,,,,,,,,,,,,,,,,,,,
1/4/2021,MASAC at Plymouth,Alone,20,,,,,,,,,,,,,,,,,,,,,,,,,,
1/4/2021,MCI Cedar Junction,Alone,432,,,,,,,,,,,,,,,,,,,,,,,,,,
1/4/2021,MCI Concord,Alone,115,,,,,,,,,,,,,,,,,,,,,,,,,,
1/4/2021,MCI Concord,With 1 other person,260,,,,,,,,,,,,,,,,,,,,,,,,,,
1/4/2021,MCI Concord,2 or more other people,123,,,,,,,,,,,,,,,,,,,,,,,,,,
1/4/2021,MCI Framingham,Alone,115,,,,,,,,,,,,,,,,,,,,,,,,,,
1/4/2021,MCI Framingham,With 1 other person,42,,,,,,,,,,,,,,,,,,,,,,,,,,
1/4/2021,MCI Framingham,2 or more other people,7,,,,,,,,,,,,,,,,,,,,,,,,,,
1/4/2021,MCI Norfolk,Alone,663,,,,,,,,,,,,,,,,,,,,,,,,,,
1/4/2021,MCI Norfolk,With 1 other person,476,,,,,,,,,,,,,,,,,,,,,,,,,,
1/4/2021,MCI Norfolk,2 or more other people,64,,,,,,,,,,,,,,,,,,,,,,,,,,
1/4/2021,MCI Shirley,Alone,498,,,,,,,,,,,,,,,,,,,,,,,,,,
1/4/2021,MCI Shirley,With 1 other person,430,,,,,,,,,,,,,,,,,,,,,,,,,,
1/4/2021,MCI Shirley,2 or more other people,119,,,,,,,,,,,,,,,,,,,,,,,,,,
1/4/2021,NCCI Gardner,Alone,93,,,,,,,,,,,,,,,,,,,,,,,,,,
1/4/2021,NCCI Gardner,With 1 other person,220,,,,,,,,,,,,,,,,,,,,,,,,,,
1/4/2021,NCCI Gardner,2 or more other people,517,,,,,,,,,,,,,,,,,,,,,,,,,,
1/4/2021,Northeastern CC,Alone,101,,,,,,,,,,,,,,,,,,,,,,,,,,
1/4/2021,Northeastern CC,With 1 other person,24,,,,,,,,,,,,,,,,,,,,,,,,,,
1/4/2021,Old Colony CC,Alone,247,,,,,,,,,,,,,,,,,,,,,,,,,,
1/4/2021,Old Colony CC,With 1 other person,368,,,,,,,,,,,,,,,,,,,,,,,,,,
1/4/2021,Old Colony CC,2 or more other people,73,,,,,,,,,,,,,,,,,,,,,,,,,,
1/4/2021,Pondville CC,Alone,47,,,,,,,,,,,,,,,,,,,,,,,,,,
1/4/2021,Pondville CC,With 1 other person,62,,,,,,,,,,,,,,,,,,,,,,,,,,
1/4/2021,South Middlesex CC,Alone,27,,,,,,,,,,,,,,,,,,,,,,,,,,
1/4/2021,Souza-Baranowski CC,Alone,524,,,,,,,,,,,,,,,,,,,,,,,,,,
1/4/2021,Souza-Baranowski CC,With 1 other person,96,,,,,,,,,,,,,,,,,,,,,,,,,,
1/11/2021,OUT-OF-DOC Transfer,OUT-OF-DOC Transfer Outside Hospital,7,,,,,,,,,,,,,,,,,,,,,,,,,,
1/11/2021,OUT-OF-DOC Transfer,OUT-OF-DOC Transfer Remand,3,,,,,,,,,,,,,,,,,,,,,,,,,,
1/11/2021,Boston Pre-Release Center,Alone,36,,,,,,,,,,,,,,,,,,,,,,,,,,
1/11/2021,Bridgewater State Hospital,Alone,181,,,,,,,,,,,,,,,,,,,,,,,,,,
1/11/2021,Bridgewater State Hospital,2 or more other people,13,,,,,,,,,,,,,,,,,,,,,,,,,,
1/11/2021,Lemuel Shattuck Hospital CC,Alone,6,,,,,,,,,,,,,,,,,,,,,,,,,,
1/11/2021,Lemuel Shattuck Hospital CC,With 1 other person,4,,,,,,,,,,,,,,,,,,,,,,,,,,
1/11/2021,Lemuel Shattuck Hospital CC,2 or more other people,6,,,,,,,,,,,,,,,,,,,,,,,,,,
1/11/2021,MA Treatment Center,Alone,151,,,,,,,,,,,,,,,,,,,,,,,,,,
1/11/2021,MA Treatment Center,With 1 other person,108,,,,,,,,,,,,,,,,,,,,,,,,,,
1/11/2021,MA Treatment Center,2 or more other people,284,,,,,,,,,,,,,,,,,,,,,,,,,,
1/11/2021,MASAC at Plymouth,Alone,26,,,,,,,,,,,,,,,,,,,,,,,,,,
1/11/2021,MCI Cedar Junction,Alone,433,,,,,,,,,,,,,,,,,,,,,,,,,,
1/11/2021,MCI Concord,Alone,125,,,,,,,,,,,,,,,,,,,,,,,,,,
1/11/2021,MCI Concord,With 1 other person,258,,,,,,,,,,,,,,,,,,,,,,,,,,
1/11/2021,MCI Concord,2 or more other people,114,,,,,,,,,,,,,,,,,,,,,,,,,,
1/11/2021,MCI Framingham,Alone,114,,,,,,,,,,,,,,,,,,,,,,,,,,
1/11/2021,MCI Framingham,With 1 other person,38,,,,,,,,,,,,,,,,,,,,,,,,,,
1/11/2021,MCI Framingham,2 or more other people,13,,,,,,,,,,,,,,,,,,,,,,,,,,
1/11/2021,MCI Norfolk,Alone,683,,,,,,,,,,,,,,,,,,,,,,,,,,
1/11/2021,MCI Norfolk,With 1 other person,450,,,,,,,,,,,,,,,,,,,,,,,,,,
1/11/2021,MCI Norfolk,2 or more other people,67,,,,,,,,,,,,,,,,,,,,,,,,,,
1/11/2021,MCI Shirley,Alone,491,,,,,,,,,,,,,,,,,,,,,,,,,,
1/11/2021,MCI Shirley,With 1 other person,432,,,,,,,,,,,,,,,,,,,,,,,,,,
1/11/2021,MCI Shirley,2 or more other people,108,,,,,,,,,,,,,,,,,,,,,,,,,,
1/11/2021,NCCI Gardner,Alone,88,,,,,,,,,,,,,,,,,,,,,,,,,,
1/11/2021,NCCI Gardner,With 1 other person,212,,,,,,,,,,,,,,,,,,,,,,,,,,
1/11/2021,NCCI Gardner,2 or more other people,526,,,,,,,,,,,,,,,,,,,,,,,,,,
1/11/2021,Northeastern CC,Alone,89,,,,,,,,,,,,,,,,,,,,,,,,,,
1/11/2021,Northeastern CC,With 1 other person,32,,,,,,,,,,,,,,,,,,,,,,,,,,
1/11/2021,Old Colony CC,Alone,249,,,,,,,,,,,,,,,,,,,,,,,,,,
1/11/2021,Old Colony CC,With 1 other person,362,,,,,,,,,,,,,,,,,,,,,,,,,,
1/11/2021,Old Colony CC,2 or more other people,80,,,,,,,,,,,,,,,,,,,,,,,,,,
1/11/2021,Pondville CC,Alone,44,,,,,,,,,,,,,,,,,,,,,,,,,,
1/11/2021,Pondville CC,With 1 other person,62,,,,,,,,,,,,,,,,,,,,,,,,,,
1/11/2021,South Middlesex CC,Alone,26,,,,,,,,,,,,,,,,,,,,,,,,,,
1/11/2021,Souza-Baranowski CC,Alone,536,,,,,,,,,,,,,,,,,,,,,,,,,,
1/11/2021,Souza-Baranowski CC,With 1 other person,86,,,,,,,,,,,,,,,,,,,,,,,,,,
1/18/2021,OUT-OF-DOC Transfer,OUT-OF-DOC Transfer Outside Hospital,5,,,,,,,,,,,,,,,,,,,,,,,,,,
1/18/2021,OUT-OF-DOC Transfer,OUT-OF-DOC Transfer Remand,3,,,,,,,,,,,,,,,,,,,,,,,,,,
1/18/2021,Boston Pre-Release Center,Alone,44,,,,,,,,,,,,,,,,,,,,,,,,,,
1/18/2021,Bridgewater State Hospital,Alone,186,,,,,,,,,,,,,,,,,,,,,,,,,,
1/18/2021,Bridgewater State Hospital,2 or more other people,10,,,,,,,,,,,,,,,,,,,,,,,,,,
1/18/2021,Lemuel Shattuck Hospital CC,Alone,10,,,,,,,,,,,,,,,,,,,,,,,,,,
1/18/2021,Lemuel Shattuck Hospital CC,With 1 other person,2,,,,,,,,,,,,,,,,,,,,,,,,,,
1/18/2021,Lemuel Shattuck Hospital CC,2 or more other people,3,,,,,,,,,,,,,,,,,,,,,,,,,,
1/18/2021,MA Treatment Center,Alone,149,,,,,,,,,,,,,,,,,,,,,,,,,,
1/18/2021,MA Treatment Center,With 1 other person,106,,,,,,,,,,,,,,,,,,,,,,,,,,
1/18/2021,MA Treatment Center,2 or more other people,288,,,,,,,,,,,,,,,,,,,,,,,,,,
1/18/2021,MASAC at Plymouth,Alone,36,,,,,,,,,,,,,,,,,,,,,,,,,,
1/18/2021,MCI Cedar Junction,Alone,446,,,,,,,,,,,,,,,,,,,,,,,,,,
1/18/2021,MCI Concord,Alone,123,,,,,,,,,,,,,,,,,,,,,,,,,,
1/18/2021,MCI Concord,With 1 other person,260,,,,,,,,,,,,,,,,,,,,,,,,,,
1/18/2021,MCI Concord,2 or more other people,117,,,,,,,,,,,,,,,,,,,,,,,,,,
1/18/2021,MCI Framingham,Alone,107,,,,,,,,,,,,,,,,,,,,,,,,,,
1/18/2021,MCI Framingham,With 1 other person,32,,,,,,,,,,,,,,,,,,,,,,,,,,
1/18/2021,MCI Framingham,2 or more other people,24,,,,,,,,,,,,,,,,,,,,,,,,,,
1/18/2021,MCI Norfolk,Alone,673,,,,,,,,,,,,,,,,,,,,,,,,,,
1/18/2021,MCI Norfolk,With 1 other person,452,,,,,,,,,,,,,,,,,,,,,,,,,,
1/18/2021,MCI Norfolk,2 or more other people,69,,,,,,,,,,,,,,,,,,,,,,,,,,
1/18/2021,MCI Shirley,Alone,480,,,,,,,,,,,,,,,,,,,,,,,,,,
1/18/2021,MCI Shirley,With 1 other person,426,,,,,,,,,,,,,,,,,,,,,,,,,,
1/18/2021,MCI Shirley,2 or more other people,101,,,,,,,,,,,,,,,,,,,,,,,,,,
1/18/2021,NCCI Gardner,Alone,77,,,,,,,,,,,,,,,,,,,,,,,,,,
1/18/2021,NCCI Gardner,With 1 other person,248,,,,,,,,,,,,,,,,,,,,,,,,,,
1/18/2021,NCCI Gardner,2 or more other people,495,,,,,,,,,,,,,,,,,,,,,,,,,,
1/18/2021,Northeastern CC,Alone,104,,,,,,,,,,,,,,,,,,,,,,,,,,
1/18/2021,Northeastern CC,With 1 other person,14,,,,,,,,,,,,,,,,,,,,,,,,,,
1/18/2021,Old Colony CC,Alone,259,,,,,,,,,,,,,,,,,,,,,,,,,,
1/18/2021,Old Colony CC,With 1 other person,352,,,,,,,,,,,,,,,,,,,,,,,,,,
1/18/2021,Old Colony CC,2 or more other people,76,,,,,,,,,,,,,,,,,,,,,,,,,,
1/18/2021,Pondville CC,Alone,56,,,,,,,,,,,,,,,,,,,,,,,,,,
1/18/2021,Pondville CC,With 1 other person,60,,,,,,,,,,,,,,,,,,,,,,,,,,
1/18/2021,South Middlesex CC,Alone,25,,,,,,,,,,,,,,,,,,,,,,,,,,
1/18/2021,Souza-Baranowski CC,Alone,533,,,,,,,,,,,,,,,,,,,,,,,,,,
1/18/2021,Souza-Baranowski CC,With 1 other person,88,,,,,,,,,,,,,,,,,,,,,,,,,,
1/25/2021,OUT-OF-DOC Transfer,OUT-OF-DOC Transfer Outside Hospital,3,,,,,,,,,,,,,,,,,,,,,,,,,,
1/25/2021,OUT-OF-DOC Transfer,OUT-OF-DOC Transfer Remand,4,,,,,,,,,,,,,,,,,,,,,,,,,,
1/25/2021,Boston Pre-Release Center,Alone,59,,,,,,,,,,,,,,,,,,,,,,,,,,
1/25/2021,Bridgewater State Hospital,Alone,194,,,,,,,,,,,,,,,,,,,,,,,,,,
1/25/2021,Bridgewater State Hospital,2 or more other people,7,,,,,,,,,,,,,,,,,,,,,,,,,,
1/25/2021,Lemuel Shattuck Hospital CC,Alone,8,,,,,,,,,,,,,,,,,,,,,,,,,,
1/25/2021,Lemuel Shattuck Hospital CC,With 1 other person,2,,,,,,,,,,,,,,,,,,,,,,,,,,
1/25/2021,Lemuel Shattuck Hospital CC,2 or more other people,7,,,,,,,,,,,,,,,,,,,,,,,,,,
1/25/2021,MA Treatment Center,Alone,150,,,,,,,,,,,,,,,,,,,,,,,,,,
1/25/2021,MA Treatment Center,With 1 other person,104,,,,,,,,,,,,,,,,,,,,,,,,,,
1/25/2021,MA Treatment Center,2 or more other people,285,,,,,,,,,,,,,,,,,,,,,,,,,,
1/25/2021,MASAC at Plymouth,Alone,47,,,,,,,,,,,,,,,,,,,,,,,,,,
1/25/2021,MCI Cedar Junction,Alone,454,,,,,,,,,,,,,,,,,,,,,,,,,,
1/25/2021,MCI Concord,Alone,128,,,,,,,,,,,,,,,,,,,,,,,,,,
1/25/2021,MCI Concord,With 1 other person,254,,,,,,,,,,,,,,,,,,,,,,,,,,
1/25/2021,MCI Concord,2 or more other people,117,,,,,,,,,,,,,,,,,,,,,,,,,,
1/25/2021,MCI Framingham,Alone,109,,,,,,,,,,,,,,,,,,,,,,,,,,
1/25/2021,MCI Framingham,With 1 other person,34,,,,,,,,,,,,,,,,,,,,,,,,,,
1/25/2021,MCI Framingham,2 or more other people,20,,,,,,,,,,,,,,,,,,,,,,,,,,
1/25/2021,MCI Norfolk,Alone,675,,,,,,,,,,,,,,,,,,,,,,,,,,
1/25/2021,MCI Norfolk,With 1 other person,442,,,,,,,,,,,,,,,,,,,,,,,,,,
1/25/2021,MCI Norfolk,2 or more other people,74,,,,,,,,,,,,,,,,,,,,,,,,,,
1/25/2021,MCI Shirley,Alone,484,,,,,,,,,,,,,,,,,,,,,,,,,,
1/25/2021,MCI Shirley,With 1 other person,402,,,,,,,,,,,,,,,,,,,,,,,,,,
1/25/2021,MCI Shirley,2 or more other people,79,,,,,,,,,,,,,,,,,,,,,,,,,,
1/25/2021,NCCI Gardner,Alone,73,,,,,,,,,,,,,,,,,,,,,,,,,,
1/25/2021,NCCI Gardner,With 1 other person,248,,,,,,,,,,,,,,,,,,,,,,,,,,
1/25/2021,NCCI Gardner,2 or more other people,495,,,,,,,,,,,,,,,,,,,,,,,,,,
1/25/2021,Northeastern CC,Alone,69,,,,,,,,,,,,,,,,,,,,,,,,,,
1/25/2021,Northeastern CC,With 1 other person,56,,,,,,,,,,,,,,,,,,,,,,,,,,
1/25/2021,Old Colony CC,Alone,251,,,,,,,,,,,,,,,,,,,,,,,,,,
1/25/2021,Old Colony CC,With 1 other person,360,,,,,,,,,,,,,,,,,,,,,,,,,,
1/25/2021,Old Colony CC,2 or more other people,73,,,,,,,,,,,,,,,,,,,,,,,,,,
1/25/2021,Pondville CC,Alone,58,,,,,,,,,,,,,,,,,,,,,,,,,,
1/25/2021,Pondville CC,With 1 other person,58,,,,,,,,,,,,,,,,,,,,,,,,,,
1/25/2021,South Middlesex CC,Alone,25,,,,,,,,,,,,,,,,,,,,,,,,,,
1/25/2021,Souza-Baranowski CC,Alone,534,,,,,,,,,,,,,,,,,,,,,,,,,,
1/25/2021,Souza-Baranowski CC,With 1 other person,88,,,,,,,,,,,,,,,,,,,,,,,,,,
2/1/2021,OUT-OF-DOC Transfer,OUT-OF-DOC Transfer Outside Hospital,2,,,,,,,,,,,,,,,,,,,,,,,,,,
2/1/2021,OUT-OF-DOC Transfer,OUT-OF-DOC Transfer Remand,4,,,,,,,,,,,,,,,,,,,,,,,,,,
2/1/2021,Boston Pre-Release Center,Alone,66,,,,,,,,,,,,,,,,,,,,,,,,,,
2/1/2021,Bridgewater State Hospital,Alone,193,,,,,,,,,,,,,,,,,,,,,,,,,,
2/1/2021,Bridgewater State Hospital,2 or more other people,8,,,,,,,,,,,,,,,,,,,,,,,,,,
2/1/2021,Lemuel Shattuck Hospital CC,Alone,10,,,,,,,,,,,,,,,,,,,,,,,,,,
2/1/2021,Lemuel Shattuck Hospital CC,With 1 other person,2,,,,,,,,,,,,,,,,,,,,,,,,,,
2/1/2021,Lemuel Shattuck Hospital CC,2 or more other people,6,,,,,,,,,,,,,,,,,,,,,,,,,,
2/1/2021,MA Treatment Center,Alone,152,,,,,,,,,,,,,,,,,,,,,,,,,,
2/1/2021,MA Treatment Center,With 1 other person,102,,,,,,,,,,,,,,,,,,,,,,,,,,
2/1/2021,MA Treatment Center,2 or more other people,284,,,,,,,,,,,,,,,,,,,,,,,,,,
2/1/2021,MASAC at Plymouth,Alone,54,,,,,,,,,,,,,,,,,,,,,,,,,,
2/1/2021,MCI Cedar Junction,Alone,468,,,,,,,,,,,,,,,,,,,,,,,,,,
2/1/2021,MCI Concord,Alone,130,,,,,,,,,,,,,,,,,,,,,,,,,,
2/1/2021,MCI Concord,With 1 other person,256,,,,,,,,,,,,,,,,,,,,,,,,,,
2/1/2021,MCI Concord,2 or more other people,113,,,,,,,,,,,,,,,,,,,,,,,,,,
2/1/2021,MCI Framingham,Alone,106,,,,,,,,,,,,,,,,,,,,,,,,,,
2/1/2021,MCI Framingham,With 1 other person,40,,,,,,,,,,,,,,,,,,,,,,,,,,
2/1/2021,MCI Framingham,2 or more other people,13,,,,,,,,,,,,,,,,,,,,,,,,,,
2/1/2021,MCI Norfolk,Alone,679,,,,,,,,,,,,,,,,,,,,,,,,,,
2/1/2021,MCI Norfolk,With 1 other person,438,,,,,,,,,,,,,,,,,,,,,,,,,,
2/1/2021,MCI Norfolk,2 or more other people,71,,,,,,,,,,,,,,,,,,,,,,,,,,
2/1/2021,MCI Shirley,Alone,460,,,,,,,,,,,,,,,,,,,,,,,,,,
2/1/2021,MCI Shirley,With 1 other person,378,,,,,,,,,,,,,,,,,,,,,,,,,,
2/1/2021,MCI Shirley,2 or more other people,62,,,,,,,,,,,,,,,,,,,,,,,,,,
2/1/2021,NCCI Gardner,Alone,65,,,,,,,,,,,,,,,,,,,,,,,,,,
2/1/2021,NCCI Gardner,With 1 other person,248,,,,,,,,,,,,,,,,,,,,,,,,,,
2/1/2021,NCCI Gardner,2 or more other people,504,,,,,,,,,,,,,,,,,,,,,,,,,,
2/1/2021,Northeastern CC,Alone,61,,,,,,,,,,,,,,,,,,,,,,,,,,
2/1/2021,Northeastern CC,With 1 other person,92,,,,,,,,,,,,,,,,,,,,,,,,,,
2/1/2021,Old Colony CC,Alone,260,,,,,,,,,,,,,,,,,,,,,,,,,,
2/1/2021,Old Colony CC,With 1 other person,354,,,,,,,,,,,,,,,,,,,,,,,,,,
2/1/2021,Old Colony CC,2 or more other people,70,,,,,,,,,,,,,,,,,,,,,,,,,,
2/1/2021,Pondville CC,Alone,57,,,,,,,,,,,,,,,,,,,,,,,,,,
2/1/2021,Pondville CC,With 1 other person,70,,,,,,,,,,,,,,,,,,,,,,,,,,
2/1/2021,South Middlesex CC,Alone,22,,,,,,,,,,,,,,,,,,,,,,,,,,
2/1/2021,Souza-Baranowski CC,Alone,524,,,,,,,,,,,,,,,,,,,,,,,,,,
2/1/2021,Souza-Baranowski CC,With 1 other person,94,,,,,,,,,,,,,,,,,,,,,,,,,,
2/15/2021,OUT-OF-DOC Transfer,OUT-OF-DOC Transfer Outside Hospital,4,,,,,,,,,,,,,,,,,,,,,,,,,,
2/15/2021,OUT-OF-DOC Transfer,OUT-OF-DOC Transfer Remand,6,,,,,,,,,,,,,,,,,,,,,,,,,,
2/15/2021,Boston Pre-Release Center,Alone,56,,,,,,,,,,,,,,,,,,,,,,,,,,
2/15/2021,Boston Pre-Release Center,With 1 other person,16,,,,,,,,,,,,,,,,,,,,,,,,,,
2/15/2021,Bridgewater State Hospital,With 1 other person,4,,,,,,,,,,,,,,,,,,,,,,,,,,
2/15/2021,Bridgewater State Hospital,2 or more other people,8,,,,,,,,,,,,,,,,,,,,,,,,,,
2/15/2021,Lemuel Shattuck Hospital CC,Alone,9,,,,,,,,,,,,,,,,,,,,,,,,,,
2/15/2021,Lemuel Shattuck Hospital CC,With 1 other person,10,,,,,,,,,,,,,,,,,,,,,,,,,,
2/15/2021,MA Treatment Center,Alone,145,,,,,,,,,,,,,,,,,,,,,,,,,,
2/15/2021,MA Treatment Center,With 1 other person,98,,,,,,,,,,,,,,,,,,,,,,,,,,
2/15/2021,MA Treatment Center,2 or more other people,292,,,,,,,,,,,,,,,,,,,,,,,,,,
2/15/2021,MASAC at Plymouth,Alone,64,,,,,,,,,,,,,,,,,,,,,,,,,,
2/15/2021,MCI Cedar Junction,Alone,473,,,,,,,,,,,,,,,,,,,,,,,,,,
2/15/2021,MCI Concord,Alone,148,,,,,,,,,,,,,,,,,,,,,,,,,,
2/15/2021,MCI Concord,With 1 other person,246,,,,,,,,,,,,,,,,,,,,,,,,,,
2/15/2021,MCI Concord,2 or more other people,116,,,,,,,,,,,,,,,,,,,,,,,,,,
2/15/2021,MCI Framingham,Alone,112,,,,,,,,,,,,,,,,,,,,,,,,,,
2/15/2021,MCI Framingham,With 1 other person,32,,,,,,,,,,,,,,,,,,,,,,,,,,
2/15/2021,MCI Framingham,2 or more other people,16,,,,,,,,,,,,,,,,,,,,,,,,,,
2/15/2021,MCI Norfolk,Alone,683,,,,,,,,,,,,,,,,,,,,,,,,,,
2/15/2021,MCI Norfolk,With 1 other person,426,,,,,,,,,,,,,,,,,,,,,,,,,,
2/15/2021,MCI Norfolk,2 or more other people,72,,,,,,,,,,,,,,,,,,,,,,,,,,
2/15/2021,MCI Shirley,Alone,475,,,,,,,,,,,,,,,,,,,,,,,,,,
2/15/2021,MCI Shirley,With 1 other person,352,,,,,,,,,,,,,,,,,,,,,,,,,,
2/15/2021,MCI Shirley,2 or more other people,26,,,,,,,,,,,,,,,,,,,,,,,,,,
2/15/2021,NCCI Gardner,Alone,73,,,,,,,,,,,,,,,,,,,,,,,,,,
2/15/2021,NCCI Gardner,With 1 other person,246,,,,,,,,,,,,,,,,,,,,,,,,,,
2/15/2021,NCCI Gardner,2 or more other people,493,,,,,,,,,,,,,,,,,,,,,,,,,,
2/15/2021,Northeastern CC,Alone,63,,,,,,,,,,,,,,,,,,,,,,,,,,
2/15/2021,Northeastern CC,With 1 other person,110,,,,,,,,,,,,,,,,,,,,,,,,,,
2/15/2021,Old Colony CC,Alone,270,,,,,,,,,,,,,,,,,,,,,,,,,,
2/15/2021,Old Colony CC,With 1 other person,334,,,,,,,,,,,,,,,,,,,,,,,,,,
2/15/2021,Old Colony CC,2 or more other people,70,,,,,,,,,,,,,,,,,,,,,,,,,,
2/15/2021,Pondville CC,Alone,50,,,,,,,,,,,,,,,,,,,,,,,,,,
2/15/2021,Pondville CC,With 1 other person,84,,,,,,,,,,,,,,,,,,,,,,,,,,
2/15/2021,South Middlesex CC,Alone,22,,,,,,,,,,,,,,,,,,,,,,,,,,
2/15/2021,Souza-Baranowski CC,Alone,488,,,,,,,,,,,,,,,,,,,,,,,,,,
2/15/2021,Souza-Baranowski CC,With 1 other person,100,,,,,,,,,,,,,,,,,,,,,,,,,,
2/22/2021,OUT-OF-DOC Transfer,OUT-OF-DOC Transfer Outside Hospital,1,,,,,,,,,,,,,,,,,,,,,,,,,,
2/22/2021,OUT-OF-DOC Transfer,OUT-OF-DOC Transfer Remand,6,,,,,,,,,,,,,,,,,,,,,,,,,,
2/22/2021,Boston Pre-Release Center,Alone,47,,,,,,,,,,,,,,,,,,,,,,,,,,
2/22/2021,Boston Pre-Release Center,With 1 other person,24,,,,,,,,,,,,,,,,,,,,,,,,,,
2/22/2021,Bridgewater State Hospital,With 1 other person,4,,,,,,,,,,,,,,,,,,,,,,,,,,
2/22/2021,Bridgewater State Hospital,2 or more other people,7,,,,,,,,,,,,,,,,,,,,,,,,,,
2/22/2021,Lemuel Shattuck Hospital CC,Alone,7,,,,,,,,,,,,,,,,,,,,,,,,,,
2/22/2021,Lemuel Shattuck Hospital CC,With 1 other person,8,,,,,,,,,,,,,,,,,,,,,,,,,,
2/22/2021,Lemuel Shattuck Hospital CC,2 or more other people,4,,,,,,,,,,,,,,,,,,,,,,,,,,
2/22/2021,MA Treatment Center,Alone,143,,,,,,,,,,,,,,,,,,,,,,,,,,
2/22/2021,MA Treatment Center,With 1 other person,98,,,,,,,,,,,,,,,,,,,,,,,,,,
2/22/2021,MA Treatment Center,2 or more other people,292,,,,,,,,,,,,,,,,,,,,,,,,,,
2/22/2021,MASAC at Plymouth,Alone,61,,,,,,,,,,,,,,,,,,,,,,,,,,
2/22/2021,MCI Cedar Junction,Alone,479,,,,,,,,,,,,,,,,,,,,,,,,,,
2/22/2021,MCI Concord,Alone,148,,,,,,,,,,,,,,,,,,,,,,,,,,
2/22/2021,MCI Concord,With 1 other person,240,,,,,,,,,,,,,,,,,,,,,,,,,,
2/22/2021,MCI Concord,2 or more other people,119,,,,,,,,,,,,,,,,,,,,,,,,,,
2/22/2021,MCI Framingham,Alone,116,,,,,,,,,,,,,,,,,,,,,,,,,,
2/22/2021,MCI Framingham,With 1 other person,28,,,,,,,,,,,,,,,,,,,,,,,,,,
2/22/2021,MCI Framingham,2 or more other people,20,,,,,,,,,,,,,,,,,,,,,,,,,,
2/22/2021,MCI Norfolk,Alone,692,,,,,,,,,,,,,,,,,,,,,,,,,,
2/22/2021,MCI Norfolk,With 1 other person,412,,,,,,,,,,,,,,,,,,,,,,,,,,
2/22/2021,MCI Norfolk,2 or more other people,71,,,,,,,,,,,,,,,,,,,,,,,,,,
2/22/2021,MCI Shirley,Alone,467,,,,,,,,,,,,,,,,,,,,,,,,,,
2/22/2021,MCI Shirley,With 1 other person,362,,,,,,,,,,,,,,,,,,,,,,,,,,
2/22/2021,MCI Shirley,2 or more other people,24,,,,,,,,,,,,,,,,,,,,,,,,,,
2/22/2021,NCCI Gardner,Alone,71,,,,,,,,,,,,,,,,,,,,,,,,,,
2/22/2021,NCCI Gardner,With 1 other person,244,,,,,,,,,,,,,,,,,,,,,,,,,,
2/22/2021,NCCI Gardner,2 or more other people,491,,,,,,,,,,,,,,,,,,,,,,,,,,
2/22/2021,Northeastern CC,Alone,72,,,,,,,,,,,,,,,,,,,,,,,,,,
2/22/2021,Northeastern CC,With 1 other person,98,,,,,,,,,,,,,,,,,,,,,,,,,,
2/22/2021,Old Colony CC,Alone,268,,,,,,,,,,,,,,,,,,,,,,,,,,
2/22/2021,Old Colony CC,With 1 other person,330,,,,,,,,,,,,,,,,,,,,,,,,,,
2/22/2021,Old Colony CC,2 or more other people,71,,,,,,,,,,,,,,,,,,,,,,,,,,
2/22/2021,Pondville CC,Alone,35,,,,,,,,,,,,,,,,,,,,,,,,,,
2/22/2021,Pondville CC,With 1 other person,94,,,,,,,,,,,,,,,,,,,,,,,,,,
2/22/2021,South Middlesex CC,Alone,21,,,,,,,,,,,,,,,,,,,,,,,,,,
2/22/2021,Souza-Baranowski CC,Alone,496,,,,,,,,,,,,,,,,,,,,,,,,,,
2/22/2021,Souza-Baranowski CC,With 1 other person,90,,,,,,,,,,,,,,,,,,,,,,,,,,
3/1/2021,OUT-OF-DOC Transfer,OUT-OF-DOC Transfer Outside Hospital,4,,,,,,,,,,,,,,,,,,,,,,,,,,
3/1/2021,OUT-OF-DOC Transfer,OUT-OF-DOC Transfer Remand,6,,,,,,,,,,,,,,,,,,,,,,,,,,
3/1/2021,Boston Pre-Release Center,Alone,61,,,,,,,,,,,,,,,,,,,,,,,,,,
3/1/2021,Boston Pre-Release Center,With 1 other person,22,,,,,,,,,,,,,,,,,,,,,,,,,,
3/1/2021,Bridgewater State Hospital,With 1 other person,6,,,,,,,,,,,,,,,,,,,,,,,,,,
3/1/2021,Bridgewater State Hospital,2 or more other people,7,,,,,,,,,,,,,,,,,,,,,,,,,,
3/1/2021,Lemuel Shattuck Hospital CC,Alone,10,,,,,,,,,,,,,,,,,,,,,,,,,,
3/1/2021,Lemuel Shattuck Hospital CC,With 1 other person,4,,,,,,,,,,,,,,,,,,,,,,,,,,
3/1/2021,Lemuel Shattuck Hospital CC,2 or more other people,7,,,,,,,,,,,,,,,,,,,,,,,,,,
3/1/2021,MA Treatment Center,Alone,152,,,,,,,,,,,,,,,,,,,,,,,,,,
3/1/2021,MA Treatment Center,With 1 other person,90,,,,,,,,,,,,,,,,,,,,,,,,,,
3/1/2021,MA Treatment Center,2 or more other people,289,,,,,,,,,,,,,,,,,,,,,,,,,,
3/1/2021,MASAC at Plymouth,Alone,50,,,,,,,,,,,,,,,,,,,,,,,,,,
3/1/2021,MCI Cedar Junction,Alone,505,,,,,,,,,,,,,,,,,,,,,,,,,,
3/1/2021,MCI Concord,Alone,136,,,,,,,,,,,,,,,,,,,,,,,,,,
3/1/2021,MCI Concord,With 1 other person,248,,,,,,,,,,,,,,,,,,,,,,,,,,
3/1/2021,MCI Concord,2 or more other people,117,,,,,,,,,,,,,,,,,,,,,,,,,,
3/1/2021,MCI Framingham,Alone,118,,,,,,,,,,,,,,,,,,,,,,,,,,
3/1/2021,MCI Framingham,With 1 other person,26,,,,,,,,,,,,,,,,,,,,,,,,,,
3/1/2021,MCI Framingham,2 or more other people,23,,,,,,,,,,,,,,,,,,,,,,,,,,
3/1/2021,MCI Norfolk,Alone,699,,,,,,,,,,,,,,,,,,,,,,,,,,
3/1/2021,MCI Norfolk,With 1 other person,398,,,,,,,,,,,,,,,,,,,,,,,,,,
3/1/2021,MCI Norfolk,2 or more other people,69,,,,,,,,,,,,,,,,,,,,,,,,,,
3/1/2021,MCI Shirley,Alone,470,,,,,,,,,,,,,,,,,,,,,,,,,,
3/1/2021,MCI Shirley,With 1 other person,350,,,,,,,,,,,,,,,,,,,,,,,,,,
3/1/2021,MCI Shirley,2 or more other people,23,,,,,,,,,,,,,,,,,,,,,,,,,,
3/1/2021,NCCI Gardner,Alone,60,,,,,,,,,,,,,,,,,,,,,,,,,,
3/1/2021,NCCI Gardner,With 1 other person,248,,,,,,,,,,,,,,,,,,,,,,,,,,
3/1/2021,NCCI Gardner,2 or more other people,491,,,,,,,,,,,,,,,,,,,,,,,,,,
3/1/2021,Northeastern CC,Alone,79,,,,,,,,,,,,,,,,,,,,,,,,,,
3/1/2021,Northeastern CC,With 1 other person,88,,,,,,,,,,,,,,,,,,,,,,,,,,
3/1/2021,Old Colony CC,Alone,279,,,,,,,,,,,,,,,,,,,,,,,,,,
3/1/2021,Old Colony CC,With 1 other person,312,,,,,,,,,,,,,,,,,,,,,,,,,,
3/1/2021,Old Colony CC,2 or more other people,72,,,,,,,,,,,,,,,,,,,,,,,,,,
3/1/2021,Pondville CC,Alone,40,,,,,,,,,,,,,,,,,,,,,,,,,,
3/1/2021,Pondville CC,With 1 other person,84,,,,,,,,,,,,,,,,,,,,,,,,,,
3/1/2021,South Middlesex CC,Alone,18,,,,,,,,,,,,,,,,,,,,,,,,,,
3/1/2021,Souza-Baranowski CC,Alone,501,,,,,,,,,,,,,,,,,,,,,,,,,,
3/1/2021,Souza-Baranowski CC,With 1 other person,88,,,,,,,,,,,,,,,,,,,,,,,,,,
3/8/2021,OUT-OF-DOC Transfer,OUT-OF-DOC Transfer Outside Hospital,4,,,,,,,,,,,,,,,,,,,,,,,,,,
3/8/2021,OUT-OF-DOC Transfer,OUT-OF-DOC Transfer Remand,6,,,,,,,,,,,,,,,,,,,,,,,,,,
3/8/2021,Boston Pre-Release Center,Alone,60,,,,,,,,,,,,,,,,,,,,,,,,,,
3/8/2021,Boston Pre-Release Center,With 1 other person,22,,,,,,,,,,,,,,,,,,,,,,,,,,
3/8/2021,Bridgewater State Hospital,Alone,206,,,,,,,,,,,,,,,,,,,,,,,,,,
3/8/2021,Bridgewater State Hospital,With 1 other person,4,,,,,,,,,,,,,,,,,,,,,,,,,,
3/8/2021,Bridgewater State Hospital,2 or more other people,7,,,,,,,,,,,,,,,,,,,,,,,,,,
3/8/2021,Lemuel Shattuck Hospital CC,Alone,11,,,,,,,,,,,,,,,,,,,,,,,,,,
3/8/2021,Lemuel Shattuck Hospital CC,With 1 other person,4,,,,,,,,,,,,,,,,,,,,,,,,,,
3/8/2021,Lemuel Shattuck Hospital CC,2 or more other people,3,,,,,,,,,,,,,,,,,,,,,,,,,,
3/8/2021,MA Treatment Center,Alone,145,,,,,,,,,,,,,,,,,,,,,,,,,,
3/8/2021,MA Treatment Center,With 1 other person,94,,,,,,,,,,,,,,,,,,,,,,,,,,
3/8/2021,MA Treatment Center,2 or more other people,291,,,,,,,,,,,,,,,,,,,,,,,,,,
3/8/2021,MASAC at Plymouth,Alone,33,,,,,,,,,,,,,,,,,,,,,,,,,,
3/8/2021,MCI Cedar Junction,Alone,495,,,,,,,,,,,,,,,,,,,,,,,,,,
3/8/2021,MCI Concord,Alone,125,,,,,,,,,,,,,,,,,,,,,,,,,,
3/8/2021,MCI Concord,With 1 other person,252,,,,,,,,,,,,,,,,,,,,,,,,,,
3/8/2021,MCI Concord,2 or more other people,111,,,,,,,,,,,,,,,,,,,,,,,,,,
3/8/2021,MCI Framingham,Alone,111,,,,,,,,,,,,,,,,,,,,,,,,,,
3/8/2021,MCI Framingham,With 1 other person,32,,,,,,,,,,,,,,,,,,,,,,,,,,
3/8/2021,MCI Framingham,2 or more other people,20,,,,,,,,,,,,,,,,,,,,,,,,,,
3/8/2021,MCI Norfolk,Alone,692,,,,,,,,,,,,,,,,,,,,,,,,,,
3/8/2021,MCI Norfolk,With 1 other person,408,,,,,,,,,,,,,,,,,,,,,,,,,,
3/8/2021,MCI Norfolk,2 or more other people,63,,,,,,,,,,,,,,,,,,,,,,,,,,
3/8/2021,MCI Shirley,Alone,466,,,,,,,,,,,,,,,,,,,,,,,,,,
3/8/2021,MCI Shirley,With 1 other person,344,,,,,,,,,,,,,,,,,,,,,,,,,,
3/8/2021,MCI Shirley,2 or more other people,22,,,,,,,,,,,,,,,,,,,,,,,,,,
3/8/2021,NCCI Gardner,Alone,62,,,,,,,,,,,,,,,,,,,,,,,,,,
3/8/2021,NCCI Gardner,With 1 other person,248,,,,,,,,,,,,,,,,,,,,,,,,,,
3/8/2021,NCCI Gardner,2 or more other people,488,,,,,,,,,,,,,,,,,,,,,,,,,,
3/8/2021,Northeastern CC,Alone,78,,,,,,,,,,,,,,,,,,,,,,,,,,
3/8/2021,Northeastern CC,With 1 other person,92,,,,,,,,,,,,,,,,,,,,,,,,,,
3/8/2021,Old Colony CC,Alone,278,,,,,,,,,,,,,,,,,,,,,,,,,,
3/8/2021,Old Colony CC,With 1 other person,310,,,,,,,,,,,,,,,,,,,,,,,,,,
3/8/2021,Old Colony CC,2 or more other people,74,,,,,,,,,,,,,,,,,,,,,,,,,,
3/8/2021,Pondville CC,Alone,36,,,,,,,,,,,,,,,,,,,,,,,,,,
3/8/2021,Pondville CC,With 1 other person,88,,,,,,,,,,,,,,,,,,,,,,,,,,
3/8/2021,Souza-Baranowski CC,Alone,492,,,,,,,,,,,,,,,,,,,,,,,,,,
3/8/2021,Souza-Baranowski CC,With 1 other person,96,,,,,,,,,,,,,,,,,,,,,,,,,,
3/15/2021,OUT-OF-DOC Transfer,OUT-OF-DOC Transfer Remand,7,,,,,,,,,,,,,,,,,,,,,,,,,,
3/15/2021,Boston Pre-Release Center,Alone,63,,,,,,,,,,,,,,,,,,,,,,,,,,
3/15/2021,Boston Pre-Release Center,With 1 other person,22,,,,,,,,,,,,,,,,,,,,,,,,,,
3/15/2021,Bridgewater State Hospital,With 1 other person,12,,,,,,,,,,,,,,,,,,,,,,,,,,
3/15/2021,Bridgewater State Hospital,2 or more other people,6,,,,,,,,,,,,,,,,,,,,,,,,,,
3/15/2021,Lemuel Shattuck Hospital CC,Alone,9,,,,,,,,,,,,,,,,,,,,,,,,,,
3/15/2021,Lemuel Shattuck Hospital CC,With 1 other person,6,,,,,,,,,,,,,,,,,,,,,,,,,,
3/15/2021,Lemuel Shattuck Hospital CC,2 or more other people,3,,,,,,,,,,,,,,,,,,,,,,,,,,
3/15/2021,MA Treatment Center,Alone,138,,,,,,,,,,,,,,,,,,,,,,,,,,
3/15/2021,MA Treatment Center,With 1 other person,104,,,,,,,,,,,,,,,,,,,,,,,,,,
3/15/2021,MA Treatment Center,2 or more other people,290,,,,,,,,,,,,,,,,,,,,,,,,,,
3/15/2021,MASAC at Plymouth,Alone,28,,,,,,,,,,,,,,,,,,,,,,,,,,
3/15/2021,MCI Cedar Junction,Alone,502,,,,,,,,,,,,,,,,,,,,,,,,,,
3/15/2021,MCI Concord,Alone,138,,,,,,,,,,,,,,,,,,,,,,,,,,
3/15/2021,MCI Concord,With 1 other person,236,,,,,,,,,,,,,,,,,,,,,,,,,,
3/15/2021,MCI Concord,2 or more other people,107,,,,,,,,,,,,,,,,,,,,,,,,,,
3/15/2021,MCI Framingham,Alone,118,,,,,,,,,,,,,,,,,,,,,,,,,,
3/15/2021,MCI Framingham,With 1 other person,24,,,,,,,,,,,,,,,,,,,,,,,,,,
3/15/2021,MCI Framingham,2 or more other people,27,,,,,,,,,,,,,,,,,,,,,,,,,,
3/15/2021,MCI Norfolk,Alone,708,,,,,,,,,,,,,,,,,,,,,,,,,,
3/15/2021,MCI Norfolk,With 1 other person,398,,,,,,,,,,,,,,,,,,,,,,,,,,
3/15/2021,MCI Norfolk,2 or more other people,63,,,,,,,,,,,,,,,,,,,,,,,,,,
3/15/2021,MCI Shirley,Alone,467,,,,,,,,,,,,,,,,,,,,,,,,,,
3/15/2021,MCI Shirley,With 1 other person,332,,,,,,,,,,,,,,,,,,,,,,,,,,
3/15/2021,MCI Shirley,2 or more other people,24,,,,,,,,,,,,,,,,,,,,,,,,,,
3/15/2021,NCCI Gardner,Alone,64,,,,,,,,,,,,,,,,,,,,,,,,,,
3/15/2021,NCCI Gardner,With 1 other person,248,,,,,,,,,,,,,,,,,,,,,,,,,,
3/15/2021,NCCI Gardner,2 or more other people,492,,,,,,,,,,,,,,,,,,,,,,,,,,
3/15/2021,Northeastern CC,Alone,83,,,,,,,,,,,,,,,,,,,,,,,,,,
3/15/2021,Northeastern CC,With 1 other person,92,,,,,,,,,,,,,,,,,,,,,,,,,,
3/15/2021,Old Colony CC,Alone,290,,,,,,,,,,,,,,,,,,,,,,,,,,
3/15/2021,Old Colony CC,With 1 other person,296,,,,,,,,,,,,,,,,,,,,,,,,,,
3/15/2021,Old Colony CC,2 or more other people,79,,,,,,,,,,,,,,,,,,,,,,,,,,
3/15/2021,Pondville CC,Alone,31,,,,,,,,,,,,,,,,,,,,,,,,,,
3/15/2021,Pondville CC,With 1 other person,94,,,,,,,,,,,,,,,,,,,,,,,,,,
3/15/2021,Souza-Baranowski CC,Alone,484,,,,,,,,,,,,,,,,,,,,,,,,,,
3/15/2021,Souza-Baranowski CC,With 1 other person,88,,,,,,,,,,,,,,,,,,,,,,,,,,
3/22/2021,OUT-OF-DOC Transfer,OUT-OF-DOC Transfer Outside Hospital,6,,,,,,,,,,,,,,,,,,,,,,,,,,
3/22/2021,OUT-OF-DOC Transfer,OUT-OF-DOC Transfer Remand,7,,,,,,,,,,,,,,,,,,,,,,,,,,
3/22/2021,Boston Pre-Release Center,Alone,65,,,,,,,,,,,,,,,,,,,,,,,,,,
3/22/2021,Boston Pre-Release Center,With 1 other person,20,,,,,,,,,,,,,,,,,,,,,,,,,,
3/22/2021,Bridgewater State Hospital,With 1 other person,14,,,,,,,,,,,,,,,,,,,,,,,,,,
3/22/2021,Bridgewater State Hospital,2 or more other people,8,,,,,,,,,,,,,,,,,,,,,,,,,,
3/22/2021,Lemuel Shattuck Hospital CC,Alone,9,,,,,,,,,,,,,,,,,,,,,,,,,,
3/22/2021,Lemuel Shattuck Hospital CC,With 1 other person,4,,,,,,,,,,,,,,,,,,,,,,,,,,
3/22/2021,Lemuel Shattuck Hospital CC,2 or more other people,6,,,,,,,,,,,,,,,,,,,,,,,,,,
3/22/2021,MA Treatment Center,Alone,146,,,,,,,,,,,,,,,,,,,,,,,,,,
3/22/2021,MA Treatment Center,With 1 other person,98,,,,,,,,,,,,,,,,,,,,,,,,,,
3/22/2021,MA Treatment Center,2 or more other people,288,,,,,,,,,,,,,,,,,,,,,,,,,,
3/22/2021,MASAC at Plymouth,Alone,34,,,,,,,,,,,,,,,,,,,,,,,,,,
3/22/2021,MCI Cedar Junction,Alone,489,,,,,,,,,,,,,,,,,,,,,,,,,,
3/22/2021,MCI Concord,Alone,134,,,,,,,,,,,,,,,,,,,,,,,,,,
3/22/2021,MCI Concord,With 1 other person,248,,,,,,,,,,,,,,,,,,,,,,,,,,
3/22/2021,MCI Concord,2 or more other people,93,,,,,,,,,,,,,,,,,,,,,,,,,,
3/22/2021,MCI Framingham,Alone,118,,,,,,,,,,,,,,,,,,,,,,,,,,
3/22/2021,MCI Framingham,With 1 other person,26,,,,,,,,,,,,,,,,,,,,,,,,,,
3/22/2021,MCI Framingham,2 or more other people,18,,,,,,,,,,,,,,,,,,,,,,,,,,
3/22/2021,MCI Norfolk,Alone,725,,,,,,,,,,,,,,,,,,,,,,,,,,
3/22/2021,MCI Norfolk,With 1 other person,378,,,,,,,,,,,,,,,,,,,,,,,,,,
3/22/2021,MCI Norfolk,2 or more other people,64,,,,,,,,,,,,,,,,,,,,,,,,,,
3/22/2021,MCI Shirley,Alone,466,,,,,,,,,,,,,,,,,,,,,,,,,,
3/22/2021,MCI Shirley,With 1 other person,342,,,,,,,,,,,,,,,,,,,,,,,,,,
3/22/2021,MCI Shirley,2 or more other people,27,,,,,,,,,,,,,,,,,,,,,,,,,,
3/22/2021,NCCI Gardner,Alone,69,,,,,,,,,,,,,,,,,,,,,,,,,,
3/22/2021,NCCI Gardner,With 1 other person,250,,,,,,,,,,,,,,,,,,,,,,,,,,
3/22/2021,NCCI Gardner,2 or more other people,487,,,,,,,,,,,,,,,,,,,,,,,,,,
3/22/2021,Northeastern CC,Alone,80,,,,,,,,,,,,,,,,,,,,,,,,,,
3/22/2021,Northeastern CC,With 1 other person,100,,,,,,,,,,,,,,,,,,,,,,,,,,
3/22/2021,Old Colony CC,Alone,293,,,,,,,,,,,,,,,,,,,,,,,,,,
3/22/2021,Old Colony CC,With 1 other person,280,,,,,,,,,,,,,,,,,,,,,,,,,,
3/22/2021,Old Colony CC,2 or more other people,84,,,,,,,,,,,,,,,,,,,,,,,,,,
3/22/2021,Pondville CC,Alone,31,,,,,,,,,,,,,,,,,,,,,,,,,,
3/22/2021,Pondville CC,With 1 other person,94,,,,,,,,,,,,,,,,,,,,,,,,,,
3/22/2021,Souza-Baranowski CC,Alone,474,,,,,,,,,,,,,,,,,,,,,,,,,,
3/22/2021,Souza-Baranowski CC,With 1 other person,88,,,,,,,,,,,,,,,,,,,,,,,,,,
3/29/2021,OUT-OF-DOC Transfer,OUT-OF-DOC Transfer Outside Hospital,5,,,,,,,,,,,,,,,,,,,,,,,,,,
3/29/2021,OUT-OF-DOC Transfer,OUT-OF-DOC Transfer Remand,6,,,,,,,,,,,,,,,,,,,,,,,,,,
3/29/2021,Boston Pre-Release Center,Alone,62,,,,,,,,,,,,,,,,,,,,,,,,,,
3/29/2021,Boston Pre-Release Center,With 1 other person,22,,,,,,,,,,,,,,,,,,,,,,,,,,
3/29/2021,Bridgewater State Hospital,With 1 other person,14,,,,,,,,,,,,,,,,,,,,,,,,,,
3/29/2021,Bridgewater State Hospital,2 or more other people,7,,,,,,,,,,,,,,,,,,,,,,,,,,
3/29/2021,Lemuel Shattuck Hospital CC,Alone,8,,,,,,,,,,,,,,,,,,,,,,,,,,
3/29/2021,Lemuel Shattuck Hospital CC,With 1 other person,2,,,,,,,,,,,,,,,,,,,,,,,,,,
3/29/2021,Lemuel Shattuck Hospital CC,2 or more other people,9,,,,,,,,,,,,,,,,,,,,,,,,,,
3/29/2021,MA Treatment Center,Alone,136,,,,,,,,,,,,,,,,,,,,,,,,,,
3/29/2021,MA Treatment Center,With 1 other person,112,,,,,,,,,,,,,,,,,,,,,,,,,,
3/29/2021,MA Treatment Center,2 or more other people,289,,,,,,,,,,,,,,,,,,,,,,,,,,
3/29/2021,MASAC at Plymouth,Alone,52,,,,,,,,,,,,,,,,,,,,,,,,,,
3/29/2021,MCI Cedar Junction,Alone,478,,,,,,,,,,,,,,,,,,,,,,,,,,
3/29/2021,MCI Concord,Alone,160,,,,,,,,,,,,,,,,,,,,,,,,,,
3/29/2021,MCI Concord,With 1 other person,220,,,,,,,,,,,,,,,,,,,,,,,,,,
3/29/2021,MCI Concord,2 or more other people,109,,,,,,,,,,,,,,,,,,,,,,,,,,
3/29/2021,MCI Framingham,Alone,117,,,,,,,,,,,,,,,,,,,,,,,,,,
3/29/2021,MCI Framingham,With 1 other person,28,,,,,,,,,,,,,,,,,,,,,,,,,,
3/29/2021,MCI Framingham,2 or more other people,14,,,,,,,,,,,,,,,,,,,,,,,,,,
3/29/2021,MCI Norfolk,Alone,714,,,,,,,,,,,,,,,,,,,,,,,,,,
3/29/2021,MCI Norfolk,With 1 other person,376,,,,,,,,,,,,,,,,,,,,,,,,,,
3/29/2021,MCI Norfolk,2 or more other people,64,,,,,,,,,,,,,,,,,,,,,,,,,,
3/29/2021,MCI Shirley,Alone,473,,,,,,,,,,,,,,,,,,,,,,,,,,
3/29/2021,MCI Shirley,With 1 other person,338,,,,,,,,,,,,,,,,,,,,,,,,,,
3/29/2021,MCI Shirley,2 or more other people,30,,,,,,,,,,,,,,,,,,,,,,,,,,
3/29/2021,NCCI Gardner,Alone,73,,,,,,,,,,,,,,,,,,,,,,,,,,
3/29/2021,NCCI Gardner,With 1 other person,238,,,,,,,,,,,,,,,,,,,,,,,,,,
3/29/2021,NCCI Gardner,2 or more other people,490,,,,,,,,,,,,,,,,,,,,,,,,,,
3/29/2021,Northeastern CC,Alone,74,,,,,,,,,,,,,,,,,,,,,,,,,,
3/29/2021,Northeastern CC,With 1 other person,110,,,,,,,,,,,,,,,,,,,,,,,,,,
3/29/2021,Old Colony CC,Alone,286,,,,,,,,,,,,,,,,,,,,,,,,,,
3/29/2021,Old Colony CC,With 1 other person,280,,,,,,,,,,,,,,,,,,,,,,,,,,
3/29/2021,Old Colony CC,2 or more other people,87,,,,,,,,,,,,,,,,,,,,,,,,,,
3/29/2021,Pondville CC,Alone,24,,,,,,,,,,,,,,,,,,,,,,,,,,
3/29/2021,Pondville CC,With 1 other person,104,,,,,,,,,,,,,,,,,,,,,,,,,,
3/29/2021,Souza-Baranowski CC,Alone,464,,,,,,,,,,,,,,,,,,,,,,,,,,
3/29/2021,Souza-Baranowski CC,With 1 other person,90,,,,,,,,,,,,,,,,,,,,,,,,,,
4/5/2021,OUT-OF-DOC Transfer,OUT-OF-DOC Transfer Outside Hospital,3,,,,,,,,,,,,,,,,,,,,,,,,,,
4/5/2021,OUT-OF-DOC Transfer,OUT-OF-DOC Transfer Remand,6,,,,,,,,,,,,,,,,,,,,,,,,,,
4/5/2021,Boston Pre-Release Center,Alone,62,,,,,,,,,,,,,,,,,,,,,,,,,,
4/5/2021,Boston Pre-Release Center,With 1 other person,22,,,,,,,,,,,,,,,,,,,,,,,,,,
4/5/2021,Bridgewater State Hospital,With 1 other person,4,,,,,,,,,,,,,,,,,,,,,,,,,,
4/5/2021,Bridgewater State Hospital,2 or more other people,10,,,,,,,,,,,,,,,,,,,,,,,,,,
4/5/2021,Lemuel Shattuck Hospital CC,Alone,8,,,,,,,,,,,,,,,,,,,,,,,,,,
4/5/2021,Lemuel Shattuck Hospital CC,With 1 other person,4,,,,,,,,,,,,,,,,,,,,,,,,,,
4/5/2021,Lemuel Shattuck Hospital CC,2 or more other people,6,,,,,,,,,,,,,,,,,,,,,,,,,,
4/5/2021,MA Treatment Center,Alone,154,,,,,,,,,,,,,,,,,,,,,,,,,,
4/5/2021,MA Treatment Center,With 1 other person,90,,,,,,,,,,,,,,,,,,,,,,,,,,
4/5/2021,MA Treatment Center,2 or more other people,291,,,,,,,,,,,,,,,,,,,,,,,,,,
4/5/2021,MASAC at Plymouth,Alone,40,,,,,,,,,,,,,,,,,,,,,,,,,,
4/5/2021,MASAC at Plymouth,With 1 other person,18,,,,,,,,,,,,,,,,,,,,,,,,,,
4/5/2021,MCI Cedar Junction,Alone,475,,,,,,,,,,,,,,,,,,,,,,,,,,
4/5/2021,MCI Concord,Alone,153,,,,,,,,,,,,,,,,,,,,,,,,,,
4/5/2021,MCI Concord,With 1 other person,232,,,,,,,,,,,,,,,,,,,,,,,,,,
4/5/2021,MCI Concord,2 or more other people,105,,,,,,,,,,,,,,,,,,,,,,,,,,
4/5/2021,MCI Framingham,Alone,119,,,,,,,,,,,,,,,,,,,,,,,,,,
4/5/2021,MCI Framingham,With 1 other person,24,,,,,,,,,,,,,,,,,,,,,,,,,,
4/5/2021,MCI Framingham,2 or more other people,18,,,,,,,,,,,,,,,,,,,,,,,,,,
4/5/2021,MCI Norfolk,Alone,706,,,,,,,,,,,,,,,,,,,,,,,,,,
4/5/2021,MCI Norfolk,With 1 other person,386,,,,,,,,,,,,,,,,,,,,,,,,,,
4/5/2021,MCI Norfolk,2 or more other people,67,,,,,,,,,,,,,,,,,,,,,,,,,,
4/5/2021,MCI Shirley,Alone,466,,,,,,,,,,,,,,,,,,,,,,,,,,
4/5/2021,MCI Shirley,With 1 other person,344,,,,,,,,,,,,,,,,,,,,,,,,,,
4/5/2021,MCI Shirley,2 or more other people,29,,,,,,,,,,,,,,,,,,,,,,,,,,
4/5/2021,NCCI Gardner,Alone,75,,,,,,,,,,,,,,,,,,,,,,,,,,
4/5/2021,NCCI Gardner,With 1 other person,234,,,,,,,,,,,,,,,,,,,,,,,,,,
4/5/2021,NCCI Gardner,2 or more other people,485,,,,,,,,,,,,,,,,,,,,,,,,,,
4/5/2021,Northeastern CC,Alone,76,,,,,,,,,,,,,,,,,,,,,,,,,,
4/5/2021,Northeastern CC,With 1 other person,110,,,,,,,,,,,,,,,,,,,,,,,,,,
4/5/2021,Old Colony CC,Alone,297,,,,,,,,,,,,,,,,,,,,,,,,,,
4/5/2021,Old Colony CC,With 1 other person,256,,,,,,,,,,,,,,,,,,,,,,,,,,
4/5/2021,Old Colony CC,2 or more other people,87,,,,,,,,,,,,,,,,,,,,,,,,,,
4/5/2021,Pondville CC,Alone,23,,,,,,,,,,,,,,,,,,,,,,,,,,
4/5/2021,Pondville CC,With 1 other person,108,,,,,,,,,,,,,,,,,,,,,,,,,,
4/5/2021,Souza-Baranowski CC,Alone,461,,,,,,,,,,,,,,,,,,,,,,,,,,
4/5/2021,Souza-Baranowski CC,With 1 other person,82,,,,,,,,,,,,,,,,,,,,,,,,,,
