451.123,date,name,451.353,590,451.2,6-501.12,451.13,500,3-302.11,6-501.16,205,451.126,4-501.11,480,6-501.14,451,451.404,451.321,451.14,451.35,451.103,451.104,451.344,5-205.15,451.117,4-903.11,5-202.12,6-501.11,520,451.36,7-206.12,3-501.16,6-501.111,5-203.14,4-601.11,4-602.12,3-701.11,6-404.11,3-304.12,6-202.15,3-305.11,4-204.112,2-401.11,205.103,5-205.11,451.11,4-901.11,480.425,4-502.13,590.009,6-501.114,6-201.11,6-201.16,4-501.114,451.121,451.124,480.5,451.34,520.119,451.000.,451.322,451.141,5-202.13,451.32,451.341,451.102,4-602.11,451.101,4-501.15,6-301.12,6-403.11,451.114,4-204.115,451.351,4-302.14,4-501.112,5-501.114,6-101.11,3-302.12,4-101.16,7-101.11,6-301.11,451.109,6-301.20,5-501.16,6-202.11,4-903.12,2-402.11,3-305.12,4-502.11,2022,2017,451.331,590.003,1,3-304.14,5-501.110,451.346,7-102.11,4-602.13,480.4,451.37,451.38,451.383,451.33,5-501.113,6-501.112,5-501.115,451.345,4-701.10,451.111,3-501.15,3-202.15,451.371,451.153,451.125,4-102.11,451.113,451.374,4-904.11,3.5,6-301.14,6.5,4-202.11,451.343,480.1,6-305.11,4-202.16,5-501.116,109,4-201.11,451.119,451.122,4-501.116,451.12,11,451.128,5-250.15,6-303.11,2-304.11,4-904.13,480.3,451.405,4-501.12,3-301.11,5-501.15,8,2-102.11,480.2,2018,2013,2016,6-501.15,480.55,5-502.11,6-201.17,4-501.18,7-3.,480.000.,4-301.12,4-501.14,2-103.11,4-601.12,6-304.11,451.218,4-402.12,6-202.12,4-501.17,90.6,480,4-702.11,3-13.,450.35,3-101.11,1,450.353,3-306.11,451.35,5,.480.500
37,12/7/2018 17:01,"Franklin County Jail and House of Correction, Greenfield – December 4, 2018",17,5,4,2,2,2,1,1,1,1,1,1,1,1,1,,,,,,,,,,,,,,,,,,,,,,,,,,,,,,,,,,,,,,,,,,,,,,,,,,,,,,,,,,,,,,,,,,,,,,,,,,,,,,,,,,,,,,,,,,,,,,,,,,,,,,,,,,,,,,,,,,,,,,,,,,,,,,,,,,,,,,,,,,,,,,,,,,,,,,,,,,,,,,,,,,,
169,10/31/2017 17:20,Suffolk County HOC 10/3/17,159,19,17,9,51,,,1,1,10,1,1,,1,1,22,15,14,11,9,8,6,4,4,4,3,2,2,2,2,1,1,1,1,1,1,1,1,1,,,,,,,,,,,,,,,,,,,,,,,,,,,,,,,,,,,,,,,,,,,,,,,,,,,,,,,,,,,,,,,,,,,,,,,,,,,,,,,,,,,,,,,,,,,,,,,,,,,,,,,,,,,,,,,,,,,,,,,,,,,,,,,,,,,,,,,,,,,
16,12/11/2018 16:46,"Barnstable County Correctional Facility, Bourne – November 28, 2018",10,4,3,,1,2,,,1,3,1,1,,1,1,11,,3,,,,1,,,,,,,,,,,,,,,,,,1,1,,,,,,,,,,,,,,,,,,,,,,,,,,,,,,,,,,,,,,,,,,,,,,,,,,,,,,,,,,,,,,,,,,,,,,,,,,,,,,,,,,,,,,,,,,,,,,,,,,,,,,,,,,,,,,,,,,,,,,,,,,,,,,,,,,,,,,,,,
15,5/25/2018 14:09,"Barnstable County Correctional Facility, Bourne – April 20, 2018",12,4,2,2,2,,,,1,1,1,1,,1,1,11,,1,,,1,,,1,,1,2,,,,,,,,,,,,,1,,1,1,1,1,,,,,,,,,,,,,,,,,,,,,,,,,,,,,,,,,,,,,,,,,,,,,,,,,,,,,,,,,,,,,,,,,,,,,,,,,,,,,,,,,,,,,,,,,,,,,,,,,,,,,,,,,,,,,,,,,,,,,,,,,,,,,,,,,,,,,
45,11/14/2018 15:57,"Berkshire County Jail and House of Correction, Pittsfield – November 10, 2018",9,3,1,,2,1,,1,1,1,,1,,1,1,,,,,,,,,,1,,1,,,,,,,,,,,,,,,,,,,,,,,,,,,,,,,,,,,,,,,,,,,,,,,,,,,,,,,,,,,,,,,,,,,,,,,,,,,,,,,,,,,,,,,,,,,,,,,,,,,,,,,,,,,,,,,,,,,,,,,,,,,,,,,,,,,,,,,,,,,,,,,,,,,,,,,
52,4/17/2018 14:04,"Berkshire County Jail and House of Correction, Pittsfield – April 13, 2018",2,5,3,,,,,,1,1,,1,,1,1,,4,,1,,,,,,,,2,,,,,,,,,,,,,,,,,,,1,,,,,,,,,,,,,,,,,,,,,,,,,,,,,,,,,,,,,,,,,,,,,,,,,,,,,,,,,,,,,,,,,,,,,,,,,,,,,,,,,,,,,,,,,,,,,,,,,,,,,,,,,,,,,,,,,,,,,,,,,,,,,,,,,,,,
29,6/28/2017 12:04,"Boston Pre Release Center – January 8, 2018",13,5,3,,6,,,,1,,,1,1,1,1,2,,,,,1,1,,,,1,2,,,,,,,1,,,,,1,,,,1,1,,,1,1,1,,,,,,,,,,,,,,,,,,,,,,,,,,,,,,,,,,,,,,,,,,,,,,,,,,,,,,,,,,,,,,,,,,,,,,,,,,,,,,,,,,,,,,,,,,,,,,,,,,,,,,,,,,,,,,,,,,,,,,,,,,,,,,,,,
37,6/28/2017 12:04,"Boston Pre Release Center – May 25, 2018",20,3,1,,2,,,,1,,1,1,1,1,1,2,,1,,,2,,,,,1,2,,,,,,,1,,,,,,,,,,,,,,,,,,,,,,,,,,,,,,,,,,,,,,,,,,,,,,,,,,,,,,,,,,,,,,,,,,,,,,,,,,,,,,,,,,,,,,,,,,,,,,,,,,,,,,,,,,,,,,,,,,,,,,,,,,,,,,,,,,,,,,,,,,,,,,,,
,5/8/2017 15:43,"Old Colony Correctional Center Kitchen Core Services – December 13, 2018",,1,,,,2,,,1,,2,1,,1,1,,,,,,,2,,,,6,,,,,1,,,,,,,,,,,,,,,,,,,2,1,1,,,,,,,,,,,,,,,,,,,,,,,,,,,,,,,,,,,,,,,,,,,,,,,,,,,,,,,,,,,,,,,,,,,,,,,,,,,,,,,,,,,,,,,,,,,,,,,,,,,,,,,,,,,,,,,,,,,,,,,,,,,,,,
,5/8/2017 15:43,"Old Colony Correctional Center Kitchen Core Services – May 17, 2018",,2,,1,,,,,1,,1,1,,1,1,,,,,,,1,,,,6,2,,,,1,,,,,,,,,,,,,,,,,,,1,1,2,,,,,,,,,,,,,,,,,,,,,,,,,,,,,,,,,,,,,,,,,,,,,,,,,,,,,,,,,,,,,,,,,,,,,,,,,,,,,,,,,,,,,,,,,,,,,,,,,,,,,,,,,,,,,,,,,,,,,,,,,,,,,,
109,4/3/2018 19:07,"Bridgewater State Hospital – December 3, 2018",265,16,15,,33,2,,,1,23,3,1,,1,1,,2,38,6,,,3,,,2,7,,1,,,,,,,,,,1,,,,,,1,,1,,,1,,,,2,2,1,,,,,,,,,,,,,,,,,,,,,,,,,,,,,,,,,,,,,,,,,,,,,,,,,,,,,,,,,,,,,,,,,,,,,,,,,,,,,,,,,,,,,,,,,,,,,,,,,,,,,,,,,,,,,,,,,,,,,,,,,,,
108,4/3/2018 19:07,"Bridgewater State Hospital – March 15, 2018",295,46,44,2,51,,,1,1,20,6,1,,1,1,,9,53,3,,3,5,,,,11,2,2,,,2,,,,,,,1,,,,,,1,,,,,,,,1,2,3,,1,1,1,,,,,,,,,,,,,,,,,,,,,,,,,,,,,,,,,,,,,,,,,,,,,,,,,,,,,,,,,,,,,,,,,,,,,,,,,,,,,,,,,,,,,,,,,,,,,,,,,,,,,,,,,,,,,,,,,,,,,,,,
2,11/2/2018 14:52,"Bristol County I.C.E. Facility, North Dartmouth – October 24, 2018",4,1,,,1,2,,,1,,,1,,1,1,,,,,,,,,,,,,,,,,,,,,,,,,,,,,,,,,,,,,,,,,,,,2,,,,,,,,,,,,,,,,,,,,,,,,,,,,,,,,,,,,,,,,,,,,,,,,,,,,,,,,,,,,,,,,,,,,,,,,,,,,,,,,,,,,,,,,,,,,,,,,,,,,,,,,,,,,,,,,,,,,,,,
5,4/18/2018 12:47,"Bristol County I.C.E. Facility, North Dartmouth – March 26, 2018",1,2,,,1,,,,1,,,1,,1,1,,,,,,,,,,,,2,,,,,,,,,,,,,,,,,,,,,,,,,,,,,,,,2,,,,,,,,,,,,,,,,,,,,,,,,,,,,,,,,,,,,,,,,,,,,,,,,,,,,,,,,,,,,,,,,,,,,,,,,,,,,,,,,,,,,,,,,,,,,,,,,,,,,,,,,,,,,,,,,,,,,,,,
115,11/2/2018 16:42,"Bristol County Jail and House of Correction, North Dartmouth – October 24, 2018",47,11,10,1,12,2,1,,1,,,1,,1,1,10,,4,,,1,1,,,,,,,,,,,,,,,,,,,,,,3,,,,,,2,,,,3,,,,,2,3,1,,,,,,,,,,,,,,,,,,,,,,,,,,,,,,,,,,,,,,,,,,,,,,,,,,,,,,,,,,,,,,,,,,,,,,,,,,,,,,,,,,,,,,,,,,,,,,,,,,,,,,,,,,,,,,,,,,,,,
19,11/2/2018 17:22,"Bristol County Modular Building, North Dartmouth – October 24, 2018",10,1,,,3,2,,,1,,,1,,1,1,,,,,,,,,,,,,,,,,,,,,,,,,,,,,,,,,,,,1,,,1,,,,,4,,,,,,,,,,,,,,,,,,,,,,,,,,,,,,,,,,,,,,,,,,,,,,,,,,,,,,,,,,,,,,,,,,,,,,,,,,,,,,,,,,,,,,,,,,,,,,,,,,,,,,,,,,,,,,,,,,,,,,,
27,4/18/2018 13:26,"Bristol County Modular Building, North Dartmouth – March 27, 2018",9,2,,,1,,,,1,,,1,,1,1,,,,,,,,,,,,2,,,,,,,,,,,,,,,,,,,,,,,,1,,,,,,,,4,,,,,,,,,,,,,,,,,,,,,,,,,,,,,,,,,,,,,,,,,,,,,,,,,,,,,,,,,,,,,,,,,,,,,,,,,,,,,,,,,,,,,,,,,,,,,,,,,,,,,,,,,,,,,,,,,,,,,,,
8,11/2/2018 17:35,"Bristol County Dartmouth Women’s Center – October 24, 2018",3,1,,1,5,2,,,1,,,1,,1,1,4,,,,,,,,,,,,,,,,,,,,,,,,,,,,,,,,,,,,,,,,,,,,,,,,,,,,,,,,,,,,,,,,,,,,,,,,,,,,,,,,,,,,,,,,,,,,,,,,,,,,,,,,,,,,,,,,,,,,,,,,,,,,,,,,,,,,,,,,,,,,,,,,,,,,,,,,,,,,,,,,,,
4,4/18/2018 13:00,"Bristol County Dartmouth Women’s Center – March 26, 2018",,2,,,1,,,,1,,,1,,1,1,4,,1,,,,,,1,,,2,,,,,,,,,,,,,,,,,,,,,,,,,,,,,,,,,,,,,,,,,,,,,,,,,,,,,,,,,,,,,,,,,,,,,,,,,,,,,,,,,,,,,,,,,,,,,,,,,,,,,,,,,,,,,,,,,,,,,,,,,,,,,,,,,,,,,,,,,,,,,,,,,,,,,,,
22,6/28/2018 16:10,"Bristol County Jail, Ash Street Facility, New Bedford – June 13, 2018",52,2,,,1,,,,1,,,1,,1,1,,,,,,,5,,,,,2,,,,,,,,,,,,,,,,,1,,,,,,,1,,,,,,,,,,,,,,,,,,,,,,,,,,,,,,,,,,,,,,,,,,,,,,,,,,,,,,,,,,,,,,,,,,,,,,,,,,,,,,,,,,,,,,,,,,,,,,,,,,,,,,,,,,,,,,,,,,,,,,,,,,,,,,,
1,12/11/2018 15:51,"Dukes County Jail and House of Correction – November 27, 2018",21,1,,,2,2,,,1,,1,1,,1,1,,,2,,,,,,,,,,,,,,,,,,,1,,,,,,,,,,,,,1,,,,,,,,,,1,,9,1,,,,,,,,,,,,,,,,,,,,,,,,,,,,,,,,,,,,,,,,,,,,,,,,,,,,,,,,,,,,,,,,,,,,,,,,,,,,,,,,,,,,,,,,,,,,,,,,,,,,,,,,,,,,,,,,,,,
25,10/26/2018 16:35,"Essex County Correctional Alternative Center, Lawrence – October 24, 2018",39,8,7,6,1,2,,,1,3,5,1,,1,1,,,8,2,,1,,6,,,1,,1,,1,,,,1,,,,2,1,,,,,,,,,,,,,,2,,4,,,,,7,,,,1,1,1,,,,,,,,,,,,,,,,,,,,,,,,,,,,,,,,,,,,,,,,,,,,,,,,,,,,,,,,,,,,,,,,,,,,,,,,,,,,,,,,,,,,,,,,,,,,,,,,,,,,,,,,,,,,,,,,
11,4/25/2018 18:06,"Essex County Correctional Alternative Center, Lawrence – April 20, 2018",29,8,6,3,6,,1,1,1,4,2,1,,1,1,,,8,8,,1,,6,,,2,2,3,,,,,,,,,,2,3,,,,,1,,,,,,,,1,3,,3,,,,1,26,,,,2,,2,1,1,,,,,,,,,,,,,,,,,,,,,,,,,,,,,,,,,,,,,,,,,,,,,,,,,,,,,,,,,,,,,,,,,,,,,,,,,,,,,,,,,,,,,,,,,,,,,,,,,,,,,,,,,,,,,,
54,11/30/2018 13:30,"Essex County Correctional Facility, Middleton – November 19, 2018",59,3,2,2,8,2,,,1,7,,1,,1,1,,,5,4,,,3,,,,8,,2,,,,,1,,,,,1,,,,,,8,,,,,,,,1,,1,4,2,,,7,1,,,,,,,1,,2,2,1,1,1,,,,,,,,,,,,,,,,,,,,,,,,,,,,,,,,,,,,,,,,,,,,,,,,,,,,,,,,,,,,,,,,,,,,,,,,,,,,,,,,,,,,,,,,,,,,,,,,,,,,,,,,,
36,5/3/2018 13:23,"Essex County Correctional Facility, Middleton – April 23, 2018",43,9,7,,14,,,,1,8,2,1,,1,1,,6,6,4,,,2,,,,11,2,,,,,1,,,,,,2,,,,,,2,,,,,,,,1,,2,,7,,,7,12,,,,,,,1,,1,1,,1,,1,,,,,,,,,,,,,,,,,,,,,,,,,,,,,,,,,,,,,,,,,,,,,,,,,,,,,,,,,,,,,,,,,,,,,,,,,,,,,,,,,,,,,,,,,,,,,,,,,,,,,,,,
5,9/21/2018 14:04,"Essex County-Women in transition September 20, 2018",,2,,,,,,,1,,,1,,1,1,,,,,,,,,,,,2,,,,,,,,,,,,,,,,,,,,,,,,,,,,,,,,1,,,,,,,,,,,,,,,,,,,,,,,,,,,,,,,,,,,,,,,,,,,,,,,,,,,,,,,,,,,,,,,,,,,,,,,,,,,,,,,,,,,,,,,,,,,,,,,,,,,,,,,,,,,,,,,,,,,,,,,
42,4/25/2018 11:59,"Franklin County Jail and House of Correction, Greenfield – April 24, 2018",12,5,3,1,1,,,,1,,,1,,1,1,,4,,2,,,,,,,,2,,,,,,,,,,,,,,,,,1,,,,,,,,,,,,,,,,,,,,,,,,,,,,,,,1,,,,,,,,,,,,,,,,,,,,,,,,,,,,,,,,,,,,,,,,,,,,,,,,,,,,,,,,,,,,,,,,,,,,,,,,,,,,,,,,,,,,,,,,,,,,,,,,,,,,,,,
10,1/31/2018 18:32,"Hampden County Western MA Women’s Correctional Center, Chicopee – January 26, 2018",2,2,,,,,,,1,,,1,,1,1,,2,,1,,,,,,,1,2,,,,,,,,,,,,,,,,,,,,,,,,,,,,,,,,,,,,,,,,,,,,,,,,,,,,,,,,,,,,,,,,,,,,,,,,,,,,,,,,,,,,,,,,,,,,,,,,,,,,,,,,,,,,,,,,,,,,,,,,,,,,,,,,,,,,,,,,,,,,,,,,,,,,,,,
14,6/5/2018 17:48,"Hampden County Western MA Women’s Correctional Center, Chicopee – June 1, 2018",4,3,1,1,1,,,,1,,,1,,1,1,,1,,,,,,,,,2,2,2,,,,,,,,,,,,,,,,1,1,,,,,,,,,,,,,,,,,,,,,,,,,,,,,,,,,,,,,,,,,,,,,,,,,,,,,,,,,,,,,,,,,,,,,,,,,,,,,,,,,,,,,,,,,,,,,,,,,,,,,,,,,,,,,,,,,,,,,,,,,,,,,,,,,,,,,
132,10/1/2018 18:06,"Hampden County Jail and House of Correction, Ludlow – September 26, 2018",36,12,10,1,3,,,,1,8,3,1,2,1,1,,12,1,,,,2,,,,,2,,,,,,,,1,,,,,,,,,,,,,,,2,,3,,,,,,,,,,,,,,,,,,,,,,,,2,1,,,,,,,,,,,,,,,,,,,,,,,,,,,,,,,,,,,,,,,,,,,,,,,,,,,,,,,,,,,,,,,,,,,,,,,,,,,,,,,,,,,,,,,,,,,,,,,,,,,,,
140,2/26/2018 14:58,"Hampden County Jail and House of Correction, Ludlow – February 15, 2018",37,6,4,1,4,,1,,1,9,1,1,2,1,1,,1,,,,,2,,,,,2,,,1,,,2,,,,,,,,,,,,,,,,,1,,2,,,,,,,,,,,,,,,,1,,,,,,,,,,,,,,,,,,,,,,,,,,,,,,,,,,,,,,,,,,,,,,,,,,,,,,,,,,,,,,,,,,,,,,,,,,,,,,,,,,,,,,,,,,,,,,,,,,,,,,,,,,,,,,
8,1/24/2018 19:20,"Hampden County Western Massachusetts Recovery and Wellness Center, Springfield – January 23, 2018",3,2,,,,,,,1,3,,1,1,1,1,,,,,,,,,,,,2,,,,,,,,,,,,,,,,,,,,,,,,,,,,,,,,,,,,,,,,,,,,,,,,,,,1,,,,,,,,,,,,,,,,,,,,,,,,,,,,,,,,,,,,,,,,,,,,,,,,,,,,,,,,,,,,,,,,,,,,,,,,,,,,,,,,,,,,,,,,,,,,,,,,,,,,
13,6/11/2018 14:58,"Hampden County Western Massachusetts Recovery and Wellness Center, Springfield – June 8, 2018",5,4,2,1,3,,2,,1,3,,1,,1,1,,,,1,,,1,,,,,2,,,,,,,,,,,,1,,,,,,,,,,,,,,,,,,,,,,,,,,1,,,1,,,,,,,,,,1,1,1,,,,,,,,,,,,,,,,,,,,,,,,,,,,,,,,,,,,,,,,,,,,,,,,,,,,,,,,,,,,,,,,,,,,,,,,,,,,,,,,,,,,,,,,,,,,,,,,,,
59,12/14/2018 14:44,"Hampshire County Jail and House of Correction, Northampton – December 13, 2018",14,4,3,1,,2,,,1,1,1,1,,1,1,,,3,,,,,,,1,,,1,,,,,,,,,,,,,,,,3,,,,,,,,,,,1,,,,,,,,,,,,,,,,,,,1,,,,,,,,,,,,,,,,,,,,,,,,,,,,,,,,,,,,,,,,,,,,,,,,,,,,,,,,,,,,,,,,,,,,,,,,,,,,,,,,,,,,,,,,,,,,,,,,,,,,,,,,
36,2/13/2018 14:38,"Massachusetts Alcohol and Substance Abuse Center (MASAC) in Plymouth – January 31, 2018",22,13,11,1,8,,,,1,1,,1,,1,1,,,1,3,,,1,,,,4,2,,,,,,,,,,,1,,,,,,1,,,,,,,,,,,,,,,2,5,,3,,,,,,,,,,,,,,,,,1,,3,,,,,,,,,,,,,,,,,,,,,,,,,,,,,,,,,,,,,,,,,,,,,,,,,,,,,,,,,,,,,,,,,,,,,,,,,,,,,,,,,,,,,,,,,,,,,,,,,
44,6/28/2018 15:27,"Massachusetts Alcohol and Substance Abuse Center (MASAC) in Plymouth – June 7, 2018",17,7,5,1,8,,,,1,2,,1,,1,1,,,1,1,,,,,1,,3,2,,,,,,,,,,,1,,,,,,,,,,,,,,,,,,,,,2,2,,3,,,,,,1,1,,,,,,,,,,,,4,,,,,,,,,,,,,,,,,,,,,,,,,,,,,,,,,,,,,,,,,,,,,,,,,,,,,,,,,,,,,,,,,,,,,,,,,,,,,,,,,,,,,,,,,,,,,,,,,
120,12/31/2018 13:08,"MCI Cedar Junction – December 5, 2018",194,12,11,5,9,2,,,1,1,3,1,,1,1,,,9,9,,2,1,,1,,7,,,,1,4,,,,,,,1,,,,,,4,1,,,,1,,3,,,,,,,,,1,,7,1,,,,,,,,,,,,,,,1,,,,1,1,,,,,,,,,,,,,,,,,,,,,,,,,,,,,,,,,,,,,,,,,,,,,,,,,,,,,,,,,,,,,,,,,,,,,,,,,,,,,,,,,,,,,,,,,,,,,,,
131,6/26/2018 18:32,"MCI Cedar Junction – May 29, 2018",157,18,16,4,12,,1,,1,,3,1,,1,1,,1,8,11,,3,1,,,,7,2,,,,,,,,,,,1,,,,,,,1,,,,1,,3,1,,,,,,,,1,,9,1,,,,,,,,,,,,,,,,,,,2,,,,,,,,,,,,,,,,,,,,,,,,,,,,,,,,,,,,,,,,,,,,,,,,,,,,,,,,,,,,,,,,,,,,,,,,,,,,,,,,,,,,,,,,,,,,,,,,
64,11/16/2018 13:00,"MCI Concord – November 6, 2018",41,13,12,,18,2,,,1,16,4,1,,1,1,6,,6,3,,2,1,1,,,10,,,,2,,,,,,,1,1,,,,,1,3,,,,,,,,1,,,,,,,,7,,,,,,,,,,,,,,,,,,,,,,,,1,1,1,1,1,,,,,,,,,,,,,,,,,,,,,,,,,,,,,,,,,,,,,,,,,,,,,,,,,,,,,,,,,,,,,,,,,,,,,,,,,,,,,,,,,,,,,,,,,,
74,5/15/2018 19:35,"MCI Concord – May 9, 2018",23,16,14,,19,,,,1,15,4,1,,1,1,6,1,6,3,,1,,,,1,7,2,,,,,,,,,,,,,,,,,4,,,,,,,,,,1,,,,,,7,,,,,,,,,,,,,,,,,,,,,,,,,,,,,1,1,,,,,,,,,,,,,,,,,,,,,,,,,,,,,,,,,,,,,,,,,,,,,,,,,,,,,,,,,,,,,,,,,,,,,,,,,,,,,,,,,,,,,,,,
98,1/12/2018 20:22,"MCI Framingham – January 10, 2018",71,20,18,8,13,,,,1,6,7,1,,1,1,,1,3,10,,16,1,2,1,,13,2,,,4,1,,,,2,,1,,2,,,,2,8,,,,1,2,1,2,1,,,,,,,2,2,,,,2,,,,,1,1,,,,,,,2,,,,,,,,,,,,,,3,1,1,1,1,,,,,,,,,,,,,,,,,,,,,,,,,,,,,,,,,,,,,,,,,,,,,,,,,,,,,,,,,,,,,,,,,,,,,,,,,,,,,,,,,,,
79,6/18/2018 17:59,"MCI Framingham – June 7, 2018",21,3,1,9,12,,1,,1,4,6,1,,1,1,,,,5,,8,1,,,,10,2,1,,3,2,,,,,,1,,1,,,,,2,,,,,1,1,2,,,,,,,,2,3,,,,,,,,,,1,,,,,,,2,,,,,,,,,,,,,,1,,,,,1,,,,,,,,,,,,,,,,,,,,,,,,,,,,,,,,,,,,,,,,,,,,,,,,,,,,,,,,,,,,,,,,,,,,,,,,,,,,,,,,,,
163,11/15/2017 19:23,"MCI Norfolk – November 7, 2018",139,1,,14,25,1,,,1,2,9,1,2,1,1,,,87,7,,,12,,,,36,1,,,,1,,,,,,,3,,,,,,,,,,,,,,4,,,1,,,,,3,,22,,,1,,,,,,,,,,,,,,,,,,,,,,,,,,2,,,,,,,,,,,,,,,,,,,,,,,,,,,,,,,,,,,,,,,,,,,,,,,,,,,,,,,,,,,,,,,,,,,,,,,,,,,,,,,,,,,,,,,
172,11/15/2017 19:23,"MCI Norfolk – April 9, 2018",138,8,6,16,29,,,,1,1,9,1,4,1,1,,,74,6,,1,7,,1,,30,2,,,,1,,,,,,1,4,1,1,,,,,,,,,,,,,,,,,,,,7,,22,,,1,,,1,,,,,,,,,,,1,,,1,,,,,,,,,4,,,,,,,,,,,,,,,,,,,,,,,,,,,,,,,,,,,,,,,,,,,,,,,,,,,,,,,,,,,,,,,,,,,,,,,,,,,,,,,,,,,,,,,
102,10/5/2017 13:27,"Massachusetts Treatment Center – February 13, 2018",77,18,16,4,14,,,2,1,,1,1,3,1,1,,3,23,,,4,3,,,,10,2,,,1,,,,,,,,,1,,,,,2,,1,,1,,,1,1,,,1,,,,,2,,,,,,,,,1,,2,,,,,,,,,,,,,,,,,,,,,1,,,,,2,1,1,,,,,,,,,,,,,,,,,,,,,,,,,,,,,,,,,,,,,,,,,,,,,,,,,,,,,,,,,,,,,,,,,,,,,,,,,,,,,,,
258,12/18/2018 14:31,"MCI Shirley – December 5, 2018",203,14,13,4,15,2,,,1,7,18,1,,1,1,,,44,10,,6,2,2,,,28,,5,,3,,,1,,1,,,6,2,,,,1,1,1,1,,,,7,,2,,,2,,,,,27,,17,,2,,,1,,,,,,,1,,,,,,,,,,,,1,,2,,,2,,,,,,,,1,3,3,2,2,1,,,,,,,,,,,,,,,,,,,,,,,,,,,,,,,,,,,,,,,,,,,,,,,,,,,,,,,,,,,,,,,,,,,,,,,,,,
239,6/6/2018 19:40,"MCI Shirley – May 21, 2018",167,13,11,2,27,,,,1,14,18,1,,1,1,,5,30,8,,5,4,1,,1,28,2,4,,1,2,,1,,,,,5,2,,,,,5,,,,,,7,,,,,2,3,,,,37,,17,,,,1,1,,,,1,,,1,,,,,,,,,,,,,,1,,,2,,,,,1,,,1,3,,2,,1,1,1,1,,,,,,,,,,,,,,,,,,,,,,,,,,,,,,,,,,,,,,,,,,,,,,,,,,,,,,,,,,,,,,,,,,,,,,,
109,10/5/2017 13:27,"Massachusetts Treatment Center September 4, 2018",100,11,9,4,10,,,,1,,,1,3,1,1,,,27,,,5,1,,,,11,2,,,,3,,,,,,,,,,,,,1,,1,,1,,,1,,,,,,,,,1,1,,,,,,,1,1,,,,,,,,,,,,,,,,,,,,,,,1,,,,,1,1,,,,,,,,,,,,,,,,,,,,,,,,,,,,,,,,,,,,,,,,,,,,,,,,,,,,,,,,,,,,,,,,,,,,,,,,,,,,,,,,
111,9/24/2018 15:07,"North Central Correctional Institute in Gardner September 19, 2018",50,28,26,4,15,,,,1,17,,1,,1,1,,1,15,9,,,,,,1,5,2,,,,,,,,,,,1,1,,,,,,,,,,,2,2,1,,,,,,,,4,,30,,,,,,,,,,,,2,,,,,,,,,,,,,1,,,,,,,,,,,,,,,1,,,,,,,,,,,,,,,,,,,,,,,,,,,,,,,,,,,,,,,,,,,,,,,,,,,,,,,,,,,,,,,,,,,,,,,,,,,,
90,2/22/2018 13:46,"North Central Correctional Institution (NCCI) in Gardner – February 6, 2018",40,17,15,4,22,,,1,1,16,,1,,1,1,,1,17,9,,,1,,,1,8,2,,,,1,,1,,,,,2,2,,,,,,,,,,,2,2,2,,1,,,,,,1,,29,,,,,,,,,,,,,,,,,,,,,,,,,1,,,,,,,,,,,,,,,1,,,,,,,,,,,,,,,,,,,,,,,,,,,,,,,,,,,,,,,,,,,,,,,,,,,,,,,,,,,,,,,,,,,,,,,,,,,,
45,9/28/2018 19:26,"Northeastern Correctional Center September 27, 2018",63,4,2,5,28,,,,1,1,2,2,,1,1,,,22,,,,2,,,,2,2,2,,,1,,1,,,,2,,1,,,,,2,,1,,,1,1,1,,,,2,,,,,2,,3,,,,,,,,,,,,,,,1,,,,,,,,,1,,,,,2,1,,,,,,,,1,,,,,,,,1,1,,,,,,,,,,,,,,,,,,,,,,,,,,,,,,,,,,,,,,,,,,,,,,,,,,,,,,,,,,,,,,,,,,,,,
51,3/19/2018 14:01,"Northeastern Correctional Center – March 5, 2018",60,5,3,,20,,,,1,3,2,1,,1,1,,2,23,1,,,1,,,1,1,2,1,,,1,,,,,,,,,,,,,2,,,,,1,1,1,,,,,,,,,4,,4,,,,,,,,,,,,,1,,1,,,,,,,,,,,,,,2,,,,,,,,,,,,,1,,,,,,1,,,,,,,,,,,,,,,,,,,,,,,,,,,,,,,,,,,,,,,,,,,,,,,,,,,,,,,,,,,,,,,,,,,,
122,5/12/2017 17:03,"Old Colony Correctional Center – December 12, 2018",76,9,8,1,27,2,,,1,5,3,1,,1,1,9,1,44,2,,,7,,,3,2,,,,,,,,,,,,,,,,,,,,1,,,,,,,,1,,,,,,16,,,,,,,,1,,,,,,,,,,,,,,,,,,,,,,,,,,,,,,,,,,,,,,,,,,,,,,,,,,,,,,,,,,,,,,,,,,,,,,,,,,,,,,,,,,,,,,,,,,,,,,,,,,,,,,,,,,,,,,
118,5/12/2017 17:03,"Old Colony Correctional Center – May 15, 2018",76,15,13,2,33,,,,1,1,6,1,,1,1,9,3,41,,,1,3,,,3,4,2,,,,,,,,,,,,,,,,,,,1,,,1,,,,,1,1,,,,,21,1,,,,,,,1,,,,,,,,,,,,1,,,1,,,,,,,,,,,,,,,,,,,,,,,,,,,,,,,,,,,,,,,,,,,,,,,,,,,,,,,,,,,,,,,,,,,,,,,,,,,,,,,,,,,,,,,,,,,,,,,
38,10/16/2018 13:42,"Plymouth County Correctional Facility – September 24, 2018",39,14,13,2,1,2,,,1,1,1,1,,1,1,17,16,1,,,,,,,,,,,,,,,1,,,,,,,,,,,2,,,,,,1,,,,,,,,,5,,,,,,,,,,,,,,,,,,,,,,,,,,,,,,,,,,,,,,,,,,,,,,,,,,,,,,,,,,,,,,,,,,,,,,,,,,,,,,,,,,,,,,,,,,,,,,,,,,,,,,,,,,,,,,,,,,,,,,,
56,2/23/2018 20:17,"Plymouth County Correctional Facility – February 21, 2018",64,8,6,,7,,,1,1,1,,1,,1,1,17,14,3,1,,,,,1,,1,2,,,,,,2,,,,,,1,,,,,6,,,,,,1,,,,,,,,,5,,,,,,,,,,,,,,,,,,,,,,,,2,,,,,,,,,,,,,,,,,1,,,,,,,,,,,1,,,,,,,,,,,,,,,,,,,,,,,,,,,,,,,,,,,,,,,,,,,,,,,,,,,,,,,,,,,,,,,,,,,
23,12/20/2018 13:03,"Pondville Correctional Center – December 13, 2018",7,4,2,,2,2,,,1,,,1,,1,1,,,1,,,,1,,,,,,,,,,,,,,,,,,,,,,,,1,,,,,,,,,,,,,,,,7,,,,,,,,,,,,,,,,,,,,,,,,,,,,,,,,,,,,,,,,,,,,,,,,,,1,,,,,,,,,,,,,,,,,,,,,,,,,,,,,,,,,,,,,,,,,,,,,,,,,,,,,,,,,,,,,,,,,,
20,5/16/2018 15:21,"Pondville Correctional Center, Norfolk – May 11, 2018",13,4,2,,,,,,1,,,1,,1,1,,,1,,,,1,,,,,2,,,,,,,,,,1,,,,,,,,,,1,,,,3,1,,,,,,,,,,7,,,,,,,,,,,,,,,,,,,,,,,,,,,,,,,,,,,,,,,,,,,,,,,,,,1,,,,,,,,,,,,,,,,,,,,,,,,,,,,,,,,,,,,,,,,,,,,,,,,,,,,,,,,,,,,,,,,,,
8,10/18/2018 17:29,"South Middlesex Correctional Center, Framingham – October 17, 2018",14,2,1,5,6,2,,,1,1,,1,,1,1,,,,3,,,,,,,7,,,,,,,,,,,,,,,,,,,,2,,,,,,,,,,,,,,,,,,,,,,,,,,,,,,,,,,,,,,,,,,,,,1,,,1,,,,,,,,,,,,,,,,,,,2,1,,,,,,,,,,,,,,,,,,,,,,,,,,,,,,,,,,,,,,,,,,,,,,,,,,,,,,,,,,,,,,,,
3,3/26/2018 12:12,"South Middlesex Correctional Center, Framingham – March 22, 2018",12,3,1,,1,,,,1,,1,1,,1,1,,,1,1,,,1,,,,7,2,,,,1,,,,,,1,1,1,,,,,,,,,1,,,,,,,,,,,,,,,,,,,,,1,,,,,,,,1,,,,,,,,,,,,,,,,,1,,,,,,,,,,,,,,,,,,,,,1,,,,,,,,,,,,,,,,,,,,,,,,,,,,,,,,,,,,,,,,,,,,,,,,,,,,,,,,,,,,,,,
99,10/4/2018 17:31,"Souza Baranowski Correctional Center September 24, 2018",38,11,9,3,12,,1,,1,6,2,1,,1,1,16,,,2,,,2,1,2,4,4,2,4,,1,1,,1,,,,1,,,1,,,,15,,1,,,,,,2,,,,,,,,,,,,,,3,,,,,,,,,,,1,,,,,,,,,,,1,,,,,,,,,,,,1,,,,,,,,,,,,,,,,1,1,,,,,,,,,,,,,,,,,,,,,,,,,,,,,,,,,,,,,,,,,,,,,,,,,,,,,,,,,,,,,
180,3/9/2018 16:27,"Souza-Baranowski Correctional Center – February 13, 2018",53,15,13,3,24,,,1,1,9,2,1,,1,1,16,8,4,10,,,8,3,,2,6,2,2,,2,,,,,,,,,1,,,,,9,1,1,,,,,,1,,,,,,,,,,,,2,,3,,,1,,1,,,,,,,,,,,,,,,1,,,,,,,,,,,,,,,,2,,,,,,,,,,,,,,1,1,1,,,,,,,,,,,,,,,,,,,,,,,,,,,,,,,,,,,,,,,,,,,,,,,,,,,,,,,,,,,,
197,10/31/2017 17:20,"Suffolk County House of Correction, Boston – October 18, 2018",184,13,12,6,38,2,,,1,14,6,1,,1,1,21,,11,12,1,,6,1,1,1,5,1,3,,,,,2,,,,,,,,,,,,,,,,,,,,,,,,,,,,,,,,,,,,,,,,,,,,,,,,,,,,,,,,,,,,,,,,,,,,,,,,,,,,,,,,,,,,,,,,,,,,,,,,,,,,,,,,,,,,,,,,,,,,,,,,,,,,,,,,,,,,,,,,,,,,,,,,,
193,10/31/2017 17:20,"Suffolk County House of Correction, Boston – March 26, 2018",178,11,9,11,27,,,,1,6,6,1,,1,1,21,17,17,10,3,4,5,1,1,2,6,2,2,2,,1,,1,1,,,,1,1,,,,,,,,,,,,,,,1,,,,,,,,,,,,,,,,,1,,,,,,,,1,,,,,,,,,,,,,,,,,,,,,,,,,,,,,,,,,,,,,,,,,,,,,,,,,,,,,,,,,,,,,,,,,,,,,,,,,,,,,,,,,,,,,,,,,,,,,,,,,,,
110,10/25/2018 14:11,"Suffolk County Jail, Boston – October 17, 2018",73,8,7,2,11,2,,,1,4,4,1,,1,1,,,2,6,,,5,,,,5,1,7,2,1,2,3,,,,,1,,,,,,,,,,,,2,,,,,1,,,,,,,,,,,,,,,,,,,,,,,,,,,,,,,,,,,,,,,,,,,,,,,,,,,,,,,,,,,,,,,,,1,1,1,,,,,,,,,,,,,,,,,,,,,,,,,,,,,,,,,,,,,,,,,,,,,,,,,,,,,,,,,
98,10/31/2017 14:12,"Suffolk County Jail, Boston – March 23, 2018",70,11,9,3,15,,,,1,2,4,1,,1,1,,1,3,2,,1,3,,,,5,2,6,2,1,1,3,,,,,,,,1,,,,1,,,,,,,,,,1,,,,,,,,,,,,,,,,,1,,,1,,,,,,,,,,,,,,,,,,,,,,,,,,,,,,,,,,,,,,,,,,,,,1,1,1,1,,,,,,,,,,,,,,,,,,,,,,,,,,,,,,,,,,,,,,,,,,,,,,,,,,,,,,,,
73,10/29/2018 18:21,"Worcester County House of Corrections and Jail, West Boylston – October 17, 2018",117,15,14,,16,2,,,1,11,1,1,,1,1,,,30,,,7,,1,,,3,,2,,,,,,,,,,1,,2,,,,5,,,,,,,,1,,6,3,4,,,1,5,,9,,,,1,,,,,,,,,,,,,,,,,,,,,,,,,,,,,,,,,,,,3,,,,,,,,,,,,,,,,,,,,,4,1,,,,,,,,,,,,,,,,,,,,,,,,,,,,,,,,,,,,,,,,,,,,,,,,,,,,,,
120,4/13/2018 14:01,"Worcester County House of Corrections and Jail, West Boylston – March 16, 2018",123,23,21,,18,,,,1,10,2,1,,1,1,,6,23,4,,5,,1,,,1,2,2,,1,1,,,,,,,1,,,,,,1,,,,,,,,,,7,1,4,,,1,4,,9,,,,1,,,,,1,,,,,,,,,,,,,,,,,,,,,,,1,,,,,,,,,,,,,,,,,,,,,,,,,,,,,4,1,,,,,,,,,,,,,,,,,,,,,,,,,,,,,,,,,,,,,,,,,,,,,,,,,,,,,,
166,10/31/2017 17:20,,144,22,21,4,39,2,,,1,15,7,1,,1,1,20,,7,14,,,5,1,1,1,3,1,4,,,2,,,1,,,,1,,,,,,,,,,,,,,,,,,,,,,,,,,,,,,,,,,,,,,,,,,,,,,,,,,,,,,,,,,,,,,,,,,,,,,,,,,,,,,,,,,,,,,,,,,,,,,,,,,,,,,,,,,,,,,,,,,,,,,,,,,,,,,,,,,,,,,,,,,,,
23,6/28/2017 12:04,,11,3,1,1,5,2,,,1,1,,1,,1,1,2,,,2,,,,5,,,,,,,,,,,,,,,,,,,,,,,,,,,,,,,,,,,,,,,,,,,,,,,,,,,,,,,,,,,,,,,,,,,,,,,,,,,,,,,,,,,,,,,,,,,,,,,,,,,,,,,,,,,,,,,,,,,,,,,,,,,,,,,,,,,,,,,,,,,,,,,,,,,,,,,,,,,
6,1/21/2020 13:24,,1,3,1,,1,2,,,1,1,,1,,1,1,,,,,,,,,,,,,,,,,,,,,,,,,,,,,,,,,,,,,,,,,,,,,,,,,,,,,,,,,,,,,,,,,,,,,,,,,,,,,,,,,,,,,,,,,,,,,,,,,,,,,,,,,,,,,,,,,,,,,,,,,,,,,,,,,,,,,,,,,,,,,,,,,,,,,,,,,,,,,,,,,,,
114,2/6/2020 18:54,,30,7,5,2,7,2,,,1,10,6,2,2,1,1,,,,,,,,,1,,1,,,,,,,,,,,1,,,,,,,2,,,,,,1,,1,,,,,,,,,,,,,,,,,,,,,,,,,1,,1,,,,,,,,,,,,,,,,,,,,,,,,,,,,,,,,,,,,,,,,,,,,,,,,,,,,,,,,,,,,,,,,,,,,,,,,,,,,,,,,,,,,,,,,,,,,,,,,,,,
11,1/8/2020 16:15,,3,3,1,,1,2,,,1,,,1,,1,1,,,,1,,,,,,,,,,,,,,,,,,,,,,,,,,,,,,,,,,,,,,,,,,,,,,,,,,,,,,,,,,,,,,,,,,,,,,,,,,,,,,,,,,,,,,,,,,,,,,,,,,,,,,,,,,,,,,,,,,,,,,,,,,,,,,,,,,,,,,,,,,,,,,,,,,,,,,,,,,,,,,,
41,2/10/2020 16:17,,36,2,,1,8,2,,,1,4,,1,,1,1,,,5,1,,,1,,,,,,,,,,,,,,,,1,,,1,,,3,1,,,,,,,,,1,2,,,,2,1,,3,,,1,,,,,,,,,,,,,,,,4,,,,,1,,,,,,,,,,,,,,,,,,,,,,,,,,,,,,,,,,,,,,,,,,,,,,,,,,,,,,,,,,,,,,,,,,,,,,,,,,,,,,,,,,,,,,,,,,,,
75,2/3/2020 16:00,,28,12,10,12,11,2,1,,1,6,10,1,,1,1,,,,,,2,,,1,,4,,,,,5,,,,,,2,,1,,,,1,3,,,,,,1,2,1,,,1,,,,1,,,,,,,,,,,,,,,1,,,,,,,,,,,,,,,,,,,1,,,,,,,,,,,,2,,,,,,,,,,,,,,,,,1,,,2,1,1,,,,,,,,,,,,,,,,,,,,,,,,,,,,,,,,,,,,,,,,,,,,,,,,,,,
56,1/30/2020 20:10,,53,8,6,1,21,2,2,1,1,10,3,2,,1,1,,,17,1,,5,3,,3,,1,,1,,2,,,2,,,,3,,,,,,,2,,,,,,,,,,11,2,,,,,7,,1,,1,1,,,,,,,,,,,,2,,,,,,,,,,,1,,,,,,,,,,,,,,1,1,,,,,,,,,,,,,,,,,,,,,,,,,,,,,,,,,,,,,,,,,,,,,,,,,,,,,,,,,,,,,,,,,,,,,,,,,,,
46,1/27/2020 14:13,,29,14,12,2,12,2,,,1,3,2,1,,1,1,7,,,1,,,1,,,,,,,,,,,,,,,,,,1,,,,1,,,,,,,,1,,,,,,,,,,1,,,,,,,,,,,,,,,,,,,,,,,,,,,,,,,,,,,,,,,,,,,,,,,,,,,,,,,,,,,,,,,,,,,,,,,,,,,,,,,,,,,,,,,,,,,,,,,,,,,,,,,,,,,,,,,,,,,,
10,5/17/2016 15:00,"Facility Inspection - Barnstable County Correctional Facility, Bourne - April 29, 2016",8,2,,1,,,1,,1,1,1,1,,1,1,11,,,,,,,,,,,2,,,,,,1,1,,,1,,,,,,,,,,,,,,,1,,,,,,,,,,,,,,,,1,,,,,,,,,,,,,,,,,,,,,,,,,,,,,,,,,,,,,,,,,,,,,,,,,,,,,,,,,,,,,,,,,,,,,,,,,,,,,,,,,,,,,,,,,,,,,,,,,,,,,,,,,,,,,,
13,5/8/2015 12:21,"Facility Inspection - Barnstable County Correctional Facility, Bourne",14,2,,,,,2,,1,,,1,,1,1,11,1,,,,,1,,1,,,2,,,,,,1,,,,,,,1,,,,,,,,,,,1,,,,,,,,,,,,,,1,,,,,,,,,,,,,,,,,,1,,,,,,,,,,,,,,,,,,,,,,,,,1,,,,,,,,,,,,,,,,,,,,,,,,,,,,,,,,,,,,,,,,,,,,,,,,,,,,,,,,,,,,,,,,,,,,,,
11,12/7/2015 14:12,Barnstable County Correctional Facility,7,2,,1,,,3,,1,1,,1,,1,1,11,,3,,,,2,,1,,,2,,,,,,,,,,,,,2,,,,,,,,,,1,,,,,,,,,,,,,,,,,,,,,,,,,,,,,,,,,,,,,,,,,,,,,,,,,,,,,,,,,,,,,,,,,,,,,,,,,,,,,,,,,,,,,,,,,,,,,,,,,,,,,,,,,,,,,,,,,,,,,,,,,,,,,,,,
35,11/24/2014 18:11,"Facility Inspection - Barnstable County Correctional Facility, Bourne",11,2,,2,,,1,,1,1,2,1,1,1,1,11,1,1,,,,,,,,,,,,,,,4,,,,,,,2,,,,6,,,,,1,,,,,,,,,,,,,,,,1,,,,,,,,,,,,,,,,,,,,,,,,,,,,,,,,,,,,,,,,,,,,,,,,,,,,,,,,,,,,,,,,,,,,,,,,,,,,,,,,,,,,,,,,,,,,,,,,,,,,,,,,,,,,,,,,,
15,12/15/2016 15:21,"Facility Inspection - Barnstable County Correctional Facility, Bourne - December 7, 2016",9,5,3,1,,,1,,1,2,1,1,,1,1,11,1,,,,,,,,,,2,,,,,,,,,,,,,,,,,,,,,,,,,,,,,,,,,,,,,,,,,,,,,,,,,,,,1,,,,,,,,,,,,,,,,,,,,,,,,,,,,,,,,,,,,,,,,,,,,,,,,,,,,,,,,,,,,,,,,,,,,,,,,,,,,,,,,,,,,,,,,,,,,,,,,,,,
53,5/6/2014 17:16,,13,2,,,,,,1,1,1,2,1,,1,1,7,,2,,,,5,,,,,,,,,,,4,1,,,,,1,,,,,5,,,,,,,,1,,,,,,,,,,,,,,,,,,,,,,,,,,,,,,,,,,,,,,,,,,1,,,,,,,,,,,,,,,,,,,,,,,,,,,,,,,,,,,,,,,,,,,,,,,,,,,,,,,,,,,,,,,,,,,,,,,,,,,,,,,,,,,,
27,1/13/2015 17:05,"Facility Inspection - Bay State Correctional Center, Norfolk",12,2,,3,4,,1,,1,3,1,1,,1,1,,,1,,,,,,,,,2,,,2,,,1,2,,,,,,3,,,,1,,,,,,,,1,,,,,,,,,,1,,,,,,,,,,,,,,,,,,,,,,,,,,,,,,,,,,,,,,,,,,,,,,,,,,,,,,,,1,,,,,,,,,,,,,,,,,,,,,,,,,,,,,,,,,,,,,,,,,,,,,,,,,,,,,,,,,,,,
15,6/17/2014 13:11,"Facility Inspection - Bay State Correctional Center, Norfolk",19,2,,3,6,,,,1,1,1,1,,1,1,,,2,,,,,,,,,,,,,,,3,1,1,,1,,1,1,,,,2,,,,,1,,1,2,,,,,,,,,,1,,1,,,,,,,,,,,,,,,,,,,,,,,,,,,1,,,,,,,,,,,,,,,,,,,,,,,,,,,3,,,,,,,,,,,,,,,,,,,,,,,,,,,,,,,,,,,,,,,,,,,,,,,,,,,,,,,,,,,,
51,4/30/2014 12:06,"Facility Inspection - Berkshire County Jail and House of Corrections, Pittsfield",21,2,,,,,,,1,4,4,1,,1,1,,,,3,1,,,,,,1,,,,,,,,,,,,,,1,,,,,,,,,,,,,,,,,,,,,1,,,,,,,,,,,,,,,,,,,,,,,,,,,,,,,,,,,,,,,,,,,,,,,,,,,,,,,,,,,,,,,,,,,,,,,,,,,,,,,,,,,,,,,,,,,,,,,,,,,,,,,,,,,,,,,,,,,,,
60,4/14/2015 12:25,"Facility Inspection - Berkshire County Jail and House of Corrections, Pittsfield",16,2,,1,15,,,,1,2,1,2,,1,1,,1,1,2,,,,,,,,2,,,2,,,,,,,,,,1,,,,2,,,,,,,,,,,2,1,,,,,,,,,,,,,,,,,,,,,,,,,,,,,,,,,,,,,,,,,,,,,,,,,,,,,,,,,,,,,,,,,,,,,,,,,,,,,,,,,,,,,,,,,,,,,,,,,,,,,,,,,,,,,,,,,,,,,,,,,,
51,4/29/2016 18:20,"Facility Inspection - Berkshire County Jail and House of Corrections, Pittsfield - April 21, 2016",13,2,,2,1,,,,1,,1,1,,1,1,,7,1,,,,,,,,,2,,,,,,,,,,,,,,,,,5,1,,,,,,,,,,1,,,,,,,,,,,,,,,,,,,,,,,,,,,,,,,,,,,,,,,,,,,,,,,1,,,,,,,,,,,,,,,,,,,,,,,,,,1,,,,,,,,,,,,,,,,,,,,,,,,,,,,,,,,,,,,,,,,,,,,,,,,,,
56,11/17/2016 17:09,"Facility Inspection - Berkshire County Jail and House of Correction, Pittsfield - November 16, 2016",6,3,1,,,,,,1,1,,1,,1,1,,3,,,,,,,,,,2,,,,,,,,,,,,,,,,,5,1,,,,,,,,,,,,,,,,,,,,,,,,,,,,,,,,,,,,,,,,,,,,,,,,,,,,,,,,,1,,,,,,,,,,1,,,,,,,,,,,,,,,,,,,,,,,,,,,,,,,,,,,,,,,,,,,,,,,,,,,,,,,,,,,,,,,,,,
57,11/24/2015 18:30,"Berkshire County Jail and House of Corrections, Pittsfield",20,2,,2,16,,,,1,1,3,1,,1,1,,1,1,2,,,,2,1,,1,2,,1,4,,,,,,,,,,2,,,,3,,,,,,,,1,,1,,,,,,,,,,,1,1,,,,,,,,1,,,,,,1,,,,,,,,,,,,,,,,,,,,,,,,,1,,,,,,,,,,,1,,,,,,,,,,,,,,,,,,,,,,,,,,,,,,,,,,,,,,,,,,,,,,,,,,,,,,,,,,,,,,
38,12/24/2014 14:05,"Facility Inspection - Berkshire County Jail and House of Corrections, Pittsfield",9,2,,,,,,,1,4,4,1,,1,1,,,1,1,,,,,,,1,1,,,,,,,,,,,,,,,,,,,,,,,,,,,,,,,,,,,,,,,,,,,,,,,,,,,,,,,,,,,,,,,,,,,,,,,,,,,,,,,,,,,,,,,,,,,,,,,,,,,,,,,,,,,,,,,,,,,,,,,,,,,,,,,,,,,,,,,,,,,,,,,,,,,,,,,
17,2/4/2016 18:23,"Facility Inspection – Boston Pre-Release Center, Roslindale - 01/26/16",5,2,,3,,,,,1,,,1,,1,1,2,,,,,,1,,,,1,2,,,,1,,1,,1,,,,,,,,,,,,,,,,,,,,,,,,,,,,,,,,,,,,,,,,,1,,,,,,,,,,,,,,,,,,,,,,,,,,,,,,,,,,,,,,,,,,,,1,,,,,,,,,,,,,,,,,,,,,,,,,,,,,,,,,,,,,,,,,,,,,,,,,,,,,,,,,,
19,3/5/2015 14:06,"Facility Inspection – Boston Pre-Release Center, Roslindale - February 4, 2015",4,2,,,1,,,,1,,,1,,1,1,2,,,,,,,,,,1,2,,,,,,,,,,,,,,,,,,,,,,,,,,,,,,,,,,,,,,,,,,,,,,,,,,,,,,,,,,,,,,,,,,,,,,,,,,,,,,,,,,,,,,,,,,,,,,,,,,,,,,,,,,,,,,,,,,,,,,,,,,,,,,,,,,,,,,,,,,,,,,,,,,,,,,,
16,7/7/2016 14:34,"Facility Inspection – Boston Pre-Release Center, Roslindale - June 22, 2016",9,2,,,,,,,1,,1,1,,1,1,2,,,,,,,,,,1,2,,,,,,,1,,,,,,,,,,,,,,,,,,,,,,,,,,,,,,,,,,,,,,,,,,1,,,,,,,,,,,,,,,,,,,,,,,,,,,,,,,,,,,,,,,,,,,,,,,,,,,,,,,,,,,,,,,,,,,,,,,,,,,,,,,,,,,,,,,,,,,,,,,,,,,,,,
23,6/22/2015 18:52,"Boston Pre-Release Center, Roslindale",9,2,,3,,,,,1,,1,1,,1,1,2,,,,,,,,,,,2,,,,1,,,,,,1,,1,,,,,1,,,,,,,,2,,,1,,,,,1,,,,,,,,,,,,,,,,1,,,,,,,,,,,,,,,,,,,,,,,,,,,,,,,,,,,,,,,,,,,,,,,,,,,,,,,,,,,,,,,,,,,,,,,,,,,,,,,,,,,,,,,,,,,,,,,,,,,,,,
12,7/1/2014 19:07,"Facility Inspection – Boston Pre-Release Center, Roslindale - 07/02/14",15,2,,,2,,,,1,2,2,1,,1,1,2,,1,,,,1,,,,2,,,,,,,1,,,,,,,,,,,,,,,,,,,,,,,,,,,,,,,,,,,,,,,,,,,,,,,,,,,,,,,,,,,,,,,,,,,,,,,,,,,,,,,,,,,,,,,,,,,,,,,,,,,,,,,,,,,,,,,,,,,,,,,,,,,,,,,,,,,,,,,,,,,,,,,,,
,12/22/2014 13:41,"Facility Inspection - OCCC Kitchen Core Services, Bridgewater",,2,,4,,,1,1,1,,1,1,,1,1,,,,,,,1,,2,,4,,,,,,,,,,,1,,,2,,,,,,,,,,4,,,,,,,,,,,,,,,,,,,,,,,,,,,,,,,,,,,,,,,,,,,,,,,,,,,,,,,,,,,,,,,,,,,,,,,,,,,,,,,,,,,,,,,,,,,,,,,,,,,,,,,,,,,,,,,,,,,,,,,,,,,,,,,,
,12/20/2016 20:45,"Facility Inspection – Old Colony Correctional Center Kitchen Core Services, Bridgewater - December 2016",,2,,5,,,,,1,,1,1,,1,1,,,,,,,,,,,8,2,,,,1,,,,,,,,,,,,,,,,,,,,,1,,,,,,,,,,,,,,,,,,,,,,,,,,,,,,,,,,,,,,,,,,,,,,,,,,,,,,,,,,,,,,,,,,,,,,,,,,,,,,,,,,,,,,,,,,,,,,,,,,,,,,,,,,,,,,,,,,,,,,,,,,,,,,
,5/29/2015 15:50,"Old Colony Correctional Center Kitchen Core Services, Bridgewater",,2,,7,,,,,1,,1,1,,1,1,,,,,,,,,,,6,2,,,,1,,,1,,,,,,,,,,,,,,,,1,,1,,,1,,,,,,,,,,,,,,,,,,,,,,,,,,,,,,,,,,,,,,,,,,,,,,,,,,,,,,,,,,,,,,,,,,,1,,1,,,,,,,,,,,,,,,,,,,,,,,,,,,,,,,,,,,,,,,,,,,,,,,,,,,,,,
,6/23/2016 14:17,": Facility Inspection – Old Colony Correctional Center Kitchen Core Services, Bridgewater",,2,,8,,,,,1,,1,1,,1,1,,,,,,,,,,,4,2,,,,1,,,,,,,,,,,,,,,,,,,,,,,,,,,,,,,,,,,,,,,,,,,,,,,,,,,,,,,,,,,,,,,,,,,,,,,,,,,,,,,,,,,,,,,,,,,,,,,,,,,,,,,,,,,,,,,,,,,,,,,,,,,,,,,,,,,,,,,,,,,,,,,,,,,
,6/1/2015 16:35,"Old Colony Correctional Center Kitchen Core Services, Bridgewater",,2,,6,,,,1,1,,3,1,,1,1,,,,,,,,,,,3,2,,,,1,,,,,,,1,2,,,,,,,,,,,3,,1,,,1,,,,,,,,,,1,,,,,,,,,,,,,,,,,,,,,,,,,,,,,,,,,,,,,,,,,,,,,,,,,,,,,,,,,1,,,,,,,,,,,,,,,,,,,,,,,,,,,,,,,,,,,,,,,,,,,,,,,,,,,,,,,,
18,5/29/2015 15:50,"Facility Inspection – Massachusetts Alcohol and Substance Abuse Center, Bridgewater - January 19, 2016",6,2,,1,,,,,1,,1,1,,1,1,,,,,,,,,1,,1,2,,,,1,,1,,,,,,1,,,,,,,,,,,,,,8,,,,,,7,,,,,,,,,,,,,,,,,,,,,,,,,,,,,,,,,,,,,,,,,,,,,,,,,,,,,,,,,,,,,,,,,,,,,,,,,,,,,,,,,,,,,,,,,,,,,,,,,,,,,,,,,,,,,,,,,,,,,,,
21,1/30/2015 16:28,,12,2,,,,,,1,1,,2,1,,1,1,,,1,,,,,1,,,,2,,,,,,1,,,,,,,,,,,2,,,,,,,,,8,,,,,,7,,,,,2,,,,,,,,,,,,,,,,,,,,,,,,,,,,,,,,,,,,,,,,,,,,,,,,,,,,,,,,,,1,,,,,,,,,,,,,,,,,,,,,,,,,,,,,,,,,,,,,,,,,,,,,,,,,,,,,,,,
10,6/30/2014 12:42,"Facility Inspection - Massachusetts Alcohol and Substance Abuse Center, Bridgewater",13,2,,,,,,,1,,,1,,1,1,,,1,,,1,,,1,,,,,,,,,4,,,,,,,,,,,1,,,,,,,,1,7,,,,,,,,,,,,,,,,,,,,,,,,,,,,,,,,,,,,,,,,,,,,,,,,,,,,,,,,,,,,,,,,,,,,,1,,,,,,,,,,,,,,,,,,,,,,,,,,,,,,,,,,,,,,,,,,,,,,,,,,,,,,,,
9,6/27/2016 14:58,"Ma Alcohol And Substance Abuse Center, Bridgewater",2,2,,,,,,,1,,,1,,1,1,,,,,,,,,,,,2,,,,,,1,,,,,,,,,,,,,,,,,,,,8,,,,,,7,,,,,1,,,,,,,,,,,,,,,,,,,,,,,,,,,,,,,,,,,,,,,,,,,,,,,,,,,,,,,,,,,,,,,,,,,,,,,,,,,,,,,,,,,,,,,,,,,,,,,,,,,,,,,,,,,,,,,,,,
5,6/25/2015 14:15,"Massachusetts Alcohol and Substance Abuse Center, Bridgewater",1,2,,,2,,,,1,,1,1,,1,1,,,1,,,,,,1,,,2,,,,,,,,,,,,,,,,,,,,,,,,,,8,,,,,,7,,,,,,,,,,,,,,,,,,,,,,,,,,,,,,,,,,,,,,,,,,,,,,,,,,,,,,,,,,,,,,,,,,,,,,,,,,,,,,,,,,,,,,,,,,,,,,,,,,,,,,,,,,,,,,,,,,,,,,,
87,12/28/2015 17:37,"Old Colony Correctional Center, Bridgewater",36,2,,3,1,,1,,1,2,6,1,,1,1,11,,3,1,,,,,,,3,2,,,,,,1,1,,,,,1,1,,,,,,,,,,,,,,,,,,,,,1,,,1,,,,,,,,,,,,,,,,,,,,,,,,,,,,,,,,,,,,,,,,,,,,,,,,,,,,,,,,,,,,,,,,,,,,,,,,,,,,,,,,,,,,,,,,,,,,,,,,,,,,,,,,,,,,,,,,,,
74,12/20/2016 20:30,,32,3,1,3,5,,,,1,,5,1,,1,1,9,,1,1,,,,,,3,3,2,,,,,,,,,,,,,,,,,,,,,,,,,,,,,,,,,,,,,,,,,,,,,,,,,,,,,,,,,,,,,,,,,,,,,,,,,,,1,,,,,,,,,,,,,,,,,,,,,,,,,,,,,,,,,,,,,,,,,,,,,,,,,,,,,,,,,,,,,,,,,,,,,,,,,,,,
69,6/15/2016 16:55,"Old Colony Correctional Center, Bridgewater",23,2,,4,1,,,,1,,4,1,,1,1,10,,4,1,,,1,,,,3,2,,,,,,,,,,,,,,,,,,,,,,,,,,,,,,,,,,,,,,1,,,,,,,,,,,,,,,,,,,,,,,,,,,,,,,,,,,,,,,,,,,,,,,,,,,,,,,,,,,,,,,,,,,,,,,,,,,,,,,,,,,,,,,,,,,,,,,,,,,,,,,,,,,,,,,,,
51,5/28/2015 16:42,"Old Colony Correctional Center, Bridgewater",9,2,,2,1,,2,,1,,1,1,,1,1,8,,,,,,2,,2,,2,2,,,,,,1,1,,,,,2,1,,,,,,,,,,,,,,,,,,,,2,2,,,,,,,,,,,,,,,,,,,,,,,,,,,,,,,,,,,,,,,,,,,,,,,,,,,,,,,,,,,,,,,,,,,,,,,,,,,,,,,,,,,,,,,,,,,,,,,,,,,,,,,,,,,,,,,,,,,,,
109,4/14/2016 15:08,"Facility Inspection – Bridgewater State Hospital - March 24, 2016",133,2,,8,3,,,,1,1,6,1,,1,1,,1,40,,,,,,1,1,8,2,2,,,,,1,1,,,,,,,,,,,,,,,,1,,,,,,,,,,,,,,,,,,,,,,,,,,,,,,,,,,,,,,,,,1,,,,,,,,,,,,,,,,,,,,,,,,,,,,,,,,,,,,,,,,,,,,,,,,,,,,,,,,,,,,,,,,,,,,,,,,,,,,,,,,,,,,,,,
89,4/3/2015 15:08,"Facility Inspection – Bridgewater State Hospital - April 16, 2015",113,2,,6,1,,,,1,,3,1,,1,1,,3,30,,,2,1,,2,,1,2,1,,,,,4,1,,,,,,,,,,,,,,,1,1,1,1,,,,,,,,,,,,,1,,,,,,,,,,,1,,,,,,,,,,,,,,,,,,,,,,,,,,,,,,,,,,,,,,,,,,,,,,,,,,,,,,,,,,,,,,,,,,,,,,,,,,,,,,,,,,,,,,,,,,,,,,,,,,,,,,
103,4/14/2016 15:08,,91,5,3,5,2,,,,1,2,4,1,,1,1,,1,23,1,,,3,,,1,6,2,,,,,,2,,,,,,,,,,,,,,,,,,,,,,,,,,,,,,,1,,,,,,,,,,,,,,,,,,,,,,,,,,,2,,,,,,,,,,,,,,,,,,,,,,,,,,,,,,,,,,,,,,,,,,,,,,,,,,,,,,,,,,,,,,,,,,,,,,,,,,,,,,,,,,,,,,,
121,10/29/2015 18:14,Bridgewater State Hospital,131,2,,8,2,,,,1,,4,1,,1,1,,3,24,2,,1,1,,1,,4,2,1,,,1,,4,,,,,1,,,,,,,,,,,1,1,1,,,,,,,,,,,,,,,,,,,,,,,,,,,,,,,,,,,,,,,,1,,,,,,,,,,,,,,,,,,,,,,,,,,,,,,,,,,,,,,1,,,,,,,,,,,,,,,,,,,,,,,,,,,,,,,,,,,,,,,,,,,,,,,,,
92,12/2/2014 15:02,,157,2,,7,2,,2,,1,2,3,1,,1,1,,3,41,1,,2,,,6,,3,,,,,2,1,11,4,,1,1,,1,2,1,,,2,,,,,,4,2,,,,,,,,,,,,,,2,,,,,,,,,,,2,1,,,,,,,,,,,,,,2,,,,,,,,,1,,,,,,,,,,,,,,,,,,,,,,,,,1,,,,,,,,,,,,,,,,,,,,,,,,,,,,,,,,,,,,,,,,,,,,,,,,,,,,,
16,7/5/2016 15:56,,13,2,,,3,,,,1,,,1,,1,1,,,11,,,,1,,2,,,2,,,,,,1,,,,1,,,,,,,,,,,,,1,,,,,1,,,,,,,,,,,,,,,,,,,,,,,,,,,,,,,,,,,,,,,,,,,,,,,,,,,,,,,,,,,,,,,,,,,,,,,,,,,,,,,,,,,,,,,,,,,,,,,,,,,,,,,,,,,,,,,,,,,,,,,,,,,
4,2/11/2015 17:26,"Facility Inspection - Bristol County Jail, Ash Street Facility, New Bedford",28,2,,,,,,,1,,,1,,1,1,,,13,,,,3,,1,,,,,,,,,1,,,,,,,,,,,,,,,,,1,1,,1,,,,,,,,,,,,,,,,,,,,,,,,,,,,,,,,,,,,,,,,,,,,,,,,,,,,,,,,,,,,,,,,,,,,,,,,,,,,,1,,,,,,,,,,,,,,,,,,,,,,,,,,,,,,,,,,,,,,,,,,,,,,,,
21,1/6/2016 16:11,"Bristol County jail, Ash Street Facility, new Bedford",10,2,,,,,,,1,,,1,,1,1,,,12,,,,1,,2,,,2,,,,,,1,,,,,1,,,,,,,,,,,,1,1,,1,,,,,,,,,,,,,,,,,,,,,,,,,,,,,,,,,,,,,,,,,,,,,,,,,,,,,,,,,,,,,,,,,,,,,,,,,,,,,,1,,,,,,,,,,,,,,,,,,,,,,,,,,,,,,,,,,,,,,,,,,,,,,,
6,6/11/2015 16:57,"Bristol County Jail, Ash Street Facility, New Bedford",24,2,,,,,,,1,1,,1,,1,1,,,20,,,,,,1,,,2,,,,,,,1,,,,1,,,,,,,,,,,,1,1,,1,,,,,,,,,,,,,,,,,,,,,,,,,,,,,,,,,,,,,,,,,,,,,,,,,,,,,,,,,,,,,,,,,,,,,,,,,,,,,1,,,,,,,,,,,,,,,,,,,,,,,,,,,,,,,,,,,,,,,,,,,,,,,,
16,6/4/2014 12:24,"Facility Inspection - Bristol County Jail, Ash Street Facility, New Bedford",30,2,,,,,,,1,,,1,,1,1,,1,12,1,,,1,,1,1,,,,,,,,,,,1,,,,1,,,,,,,,,,1,1,,1,,,,,,,,,,,,,,,,,,,,,,,,,,,1,,,,,,,,,,,,,,,,,,,,,,,,,,,,,,,,,,,,,,,,,,,,,,,,,,1,,,,,,,,,,,,,,,,,,,,,,,,,,,,,,,,,,,,,,,,,,,,,,,,
,4/18/2014 12:39,"Facility Inspection - Dartmouth I.C.E. Facility, North Dartmouth",2,2,,,1,,,,1,,,1,,1,1,,,,,,,,,,,,,,,,,,,,,,,,,,,,,1,,,,,,,,,,,,,,,,,,,,,,,,,,,,,,,,,,,,,,,,,,,,,,,,,,,,,,,,,,,,,,,,,,,,,,,,,,,,,,,,,,,,,,,,,,,,,,,,,,,,,,,,,,,,,,,,,,,,,,,,,,,,,,,,,,,,,,
,4/8/2015 17:42,"Facility Inspection - Dartmouth I.C.E. Facility, North Dartmouth",1,2,,,2,,,,1,,,1,,1,1,,,,,,,,,,,,2,,,,,,,,,,,,,,,,,,,,,,,,,,,,,,,,2,,,,,1,,,,,,,,,,,,,,,,,,,,,,,,,,,,,,,,,,,,,,,,,,,,,,,,,,,,,,,,,,,,,,,,,,,,,,,,,,,,,,,,,,,,,,,,,,,,,,,,,,,,,,,,,,,,,,,,,,
3,4/19/2016 14:17,"Facility Inspection - Dartmouth I.C.E. Facility, North Dartmouth - April 2016",2,2,,,,,,,1,,,1,,1,1,,,,,,,,,,,,2,,,,,,,,,,1,,,,,,,,,,,,,,,,,,,,,,2,,,,,,,,,,,,,,,,,,,,,,,,,,,,,,,,,,,,,,,,,,,,,,,,,,,,,,,,,,,,,,,,,,,,,,,,,,,,,,,,,,,,,,,,,,,,,,,,,,,,,,,,,,,,,,,,,,,,,,,
2,11/4/2014 15:26,"Facility Inspection - Dartmouth I.C.E. Facility, North Dartmouth - November 12, 2014",3,2,,,,,,,1,,,1,,1,1,,,,,,1,,,,,,,,,,,,,1,,,,,,,,,,2,,,,,,,,,,,,,,,2,,,,,,,,,,,,,,,,,,,,,,,,,,,,,,,,,,,,,,,,,,,,,,,,,,,,,,,,,,,,,,,,,,,,,,,,,,,,,,,,,,,,,,,,,,,,,,,,,,,,,,,,,,,,,,,,,,,,,,,
,11/12/2015 15:39,"Facility Inspection - Dartmouth I.C.E. Facility, North Dartmouth - November 16, 2015",3,2,,,,,,,1,,,1,,1,1,,,,,,,,,,,,2,,,,,,,,,,1,,,,,,,,,,,,,,,,,,,,,,2,,,,,,,,,,,,,,,,,,,,,,,,,,,,,,,,,,,,,,,,,,,,,,,,,,,,,,,,,,,,,,,,,,,,,,,,,,,,,,,,,,,,,,,,,,,,,,,,,,,,,,,,,,,,,,,,,,,,,,,
1,11/14/2016 15:41,"Facility Inspection - Dartmouth I.C.E. Facility, North Dartmouth - November 8, 2016",1,3,1,,,,,,1,,,1,,1,1,,,,,,,,,,,,2,,,,,,,,,,,,,,,,,1,,,,,,,,,,,,,,,2,,,,,2,,,,,,,,,,,,,,,,,,,,,,,,,,,,,,,,,,,,,,,,,,,,,,,,,,,,,,,,,,,,,,,,,,,,,,,,,,,,,,,,,,,,,,,,,,,,,,,,,,,,,,,,,,,,,,,,,,
9,4/8/2015 18:09,"Facility Inspection – Bristol County Modular Building, North Dartmouth",6,2,,,,,,,1,,,1,,1,1,,,,,,,,,,,,2,,,,,,,,,,,,,,,,,,,,,,,,1,,8,,,,,,4,,,,,,,,,,,,,,,,,,,,,,,,,,,,,,,,,,,,,,,,,,,,,,,,,,,,,,,,,,,,,,,,,,,,,,,,,,,,,,,,,,,,,,,,,,,,,,,,,,,,,,,,,,,,,,,,,,,,,,,
6,4/19/2016 13:57,,7,2,,,,,,,1,,,1,,1,1,,,,,,,,,,,,2,,,,,,,,,,,,,,,,,,,,,,,,1,,,,,,,,4,,,,,,,,,,,,,,,,,,,,,,,,,,,,,,,,,,,,,,,,,,,,,,,,,,,,,,,,,,,,,,,,,,,,,,,,,,,,,,,,,,,,,,,,,,,,,,,,,,,,,,,,,,,,,,,,,,,,,,,
7,11/12/2015 15:12,"Facility Inspection – Bristol County Modular Building, North Dartmouth - October 20, 2015",9,2,,,,,,,1,,,1,,1,1,,,,,,,,,,,,2,,,,,,,,,,,,,,,,,,,,,,,,1,,8,,,,,,4,,,,,,,,,,,,,,,,,,,,,,,,,,,,,,,,,,,,,,,,,,,,,,,,,,,,,,,,,,,,,,,,,,,,,,,,,,,,,,,,,,,,,,,,,,,,,,,,,,,,,,,,,,,,,,,,,,,,,,,
5,11/16/2016 18:06,"Facility Inspection – Bristol County Modular Building, North Dartmouth - November 9, 2016",9,3,1,,4,,,,1,,,1,,1,1,,,,,,,,,,,,2,,,,,,,,,,,,,,,,,1,,,,,,,1,,,,,,,,4,,,,,,,,,,,,,,,,,,,,,,,,,,,,,,,,,,,,,,,,,,,,,,,,,,,,,,,,,,,,,,,,,,,,,,,,,,,,,,,,,,,,,,,,,,,,,,,,,,,,,,,,,,,,,,,,,,,,,,,
43,4/15/2014 15:09,"Facility Inspection – Bristol County Jail and House of Correction, North Dartmouth",37,2,,,13,,,,1,1,,1,,1,1,13,1,,,,1,1,,2,2,4,,,,,,,1,5,,,,,,,,,,5,,,,,,1,1,,11,,,,,,,,,,,,1,,,,,,,,,,,,,,,,,,,,,,,,,,,,,,,,,,,,,,,,,,,,,,,,,,,,,,,,,,,,,,,,,,,,,,,,,,,,,,,,,,,,,,,,,,,,,,,,,,,,,,,,,,,,,,,,,
31,4/8/2015 18:17,"Facility Inspection – Bristol County Jail and House of Correction, North Dartmouth",29,2,,,10,,,,1,,,1,,1,1,10,,1,1,,,1,,1,,2,2,,,,,,,3,,,,,,1,,,,1,,,,,,,,,1,,,,,,1,,,,,,,,,,,,,,,,,,,,,,,,,,,,,,,,,,,,,,,,,,,,,,,,,,,,,,,,,,,,,,,,,,,,,,,,,,,,,,,,,,,,,,,,,,,,,,,,,,,,,,,,,,,,,,,,,,,,,,,
35,4/15/2016 18:51,,32,2,,,9,,,,1,,,1,,1,1,10,,1,,,,1,,,,1,2,,,,,,,2,,,,,,,,,,3,,,,,,,,,2,,,,,,2,,,,,,,,,,,,,,,,,,,,,,,,,,,,,,,,,,,,,,,,,,,,,,,,,,,,,,,,,,,,,,,,,,,,,,,,,,,,,,,,,,,,,,,,,,,,,,,,,,,,,,,,,,,,,,,,,,,,,,,
42,11/7/2014 19:31,"Facility Inspection – Bristol County Jail and House of Correction, North Dartmouth",39,2,,1,12,,,,1,1,,1,,1,1,10,,,1,,3,,,,,4,,,,,,,,2,,,2,,,,,,,1,,,,,,,1,,10,,,,,,5,,,,,,,,,,,,,,,,,,,,,,,,,,,,,,,,,,,,,,,,,,,,,,,,,,,,,,,,,,,,,,,,,,,,,,,,,,,,,,,,,,,,,,,,,,,,,,,,,,,,,,,,,,,,,,,,,,,,,,,
45,11/12/2015 14:55,"Facility Inspection – Bristol County Jail and House of Correction, North Dartmouth - 11/16/15",28,2,,,6,,,,1,,,1,,1,1,10,,,,,1,1,,1,,1,2,1,,,,,,2,,,,,,,,,,,,,,,,,,,1,,,,,,1,,,,,,,,,,,,,,,,,,,,,,,,,,,,,,,,,,,,,,,,,,,,,,,,,,,,,,,,,,,,,,,,,,,,,,,,,,,,,,,,,,,,,,,,,,,,,,,,,,,,,,,,,,,,,,,,,,,,,,,
61,11/16/2016 20:10,"Facility Inspection – Bristol County Jail and House of Correction, North Dartmouth - November 8, 2016",31,4,2,,7,,,,1,,,1,,1,1,10,1,,,,,1,,,,,2,,,,,,,,,,,,,,,,,3,,,,,,,,,,,,,,,1,,1,,,1,,,,,,,,,,,,,,,,,,,,,,,,,,,,,,,,,,,,,,,,,,,,,,,,,,,,,,,,,,,,,,,,,,,,,,,,,,,,,,,,,,,,,,,,,,,,,,,,,,,,,,,,,,,,,,,,,,
2,4/18/2014 12:24,"Facility Inspection - Dartmouth Women’s Center, North Dartmouth",7,2,,,2,,,,1,,1,1,,1,1,4,,1,,,,,,2,,,,,,,,,2,,,,,,,,,,,,,,,,,,,,,,,,,,,,,,,,,,,,,,,,,,,,,,,,,,,,,,,,,,,,,,,,,,,,,,,,,,,,,,,,,,,,,,,,,,,,,,,,,,,,,,,,,,,,,,,,,,,,,,,,,,,,,,,,,,,,,,,,,,,,,,,,,
2,4/8/2015 18:12,"Facility Inspection - Dartmouth Women’s Center, North Dartmouth - April 9, 2015",3,2,,,,,,,1,,,1,,1,1,4,,,,,,,,1,,,2,,,,,,,,,,,,,1,,,,,,,,,,,,,,,,,,,,,,,,,,,,,,,,,,,,,,,,,,,,,,,,,,,,,,,,,,,,,,,,,,,,,,,,,,,,,,,,,,,,,,,,,,,,,,,,,,,,,,,,,,,,,,,,,,,,,,,,,,,,,,,,,,,,,,,,,,
4,4/19/2016 14:10,,,2,,,1,,,,1,,,1,,1,1,4,,,,,,1,,1,,,2,,,,,,,,,,,,,,,,,,,,,,,,,,,,,,,,,,,,,,,,,,,,,,,,,,,,,,,,,,,,,,,,,,,,,,,,,,,,,,,,,,,,,,,,,,,,,,,,,,,,,,,,,,,,,,,,,,,,,,,,,,,,,,,,,,,,,,,,,,,,,,,,,,,,,,,
,11/4/2014 15:16,"Facility Inspection - Dartmouth Women’s Center, North Dartmouth",2,2,,,4,,,,1,,,1,,1,1,4,,,,,,,,,,,,,,,,,,,,,,,,,,,,,,,,,,,,,,,,,,,,,,,,,,,,,,,,,,,,,,,,,,,,,,,,,,,,,,,,,,,,,,,,,,,,,,,,,,,,,,,,,,,,,,,,,,,,,,,,,,,,,,,,,,,,,,,,,,,,,,,,,,,,,,,,,,,,,,,,,,
4,11/12/2015 15:28,"Facility Inspection - Dartmouth Women’s Center, North Dartmouth 11/16/15",2,2,,,,,,,1,,,1,,1,1,4,,,,,,,,1,,,2,,,,,,,,,,,,,1,,,,,,,,,,,,,,,,,,,,,,,,,,,,,,,,,,,,,,,,,,,,,,,,,,,,,,,,,,,,,,,,,,,,,,,,,,,,,,,,,,,,,,,,,,,,,,,,,,,,,,,,,,,,,,,,,,,,,,,,,,,,,,,,,,,,,,,,,,
8,11/15/2016 12:20,"Facility Inspection - Dartmouth Women’s Center, North Dartmouth, MA - November 8, 2016",,3,1,,4,,,,1,,,1,,1,1,4,,,,,,1,,1,,,2,,,,,,,,,,,,,,,,,,,,,,,,,,,,,,,,,,,,,,,,,,,,,,,,,,,,,,,,,,,,,,,,,,,,,,,,,,,,,,,,,,,,,,,,,,,,,,,,,,,,,,,,,,,,,,,,,,,,,,,,,,,,,,,,,,,,,,,,,,,,,,,,,,,,,,,
5,5/6/2015 14:55,"Facility Inspection - Dukes County Jail and House of Correction, Edgartown - May 6, 2015",7,2,,,2,,,,1,,,1,,1,1,3,,5,,,,,,,,1,1,,,,,,1,,,,,,,1,,,,,,,,,,,1,,,,,,,,,,,5,1,,,,,,,,,,,,,,,,,,,,,,,,,,,,,,,,,,,,,,,,,,,,,,,,,,,,,,,,,,,,,,,,,,,,,,,,,,,,,,,,,,,,,,,,,,,,,,,,,,,,,,,,,,,,,,,,,,,
13,5/17/2016 17:12,"Facility Inspection - Dukes County Jail and House of Correction, Edgartown - May 12, 2016",12,2,,,,,,,1,,,1,,1,1,3,,5,,,,,,,,,2,,,,,,1,2,,,,,,1,,,,,,,,,,,1,,,,,,,,,,,5,1,,,,,,,,,,,,,,,,,,,,,,,,,,,,,,,,,,,,,,,,,,,,,,,,,,,,,,,,,,,,,,,,,,,,,,,,,,,,,,,,,,,,,,,,,,,,,,,,,,,,,,,,,,,,,,,,,,,
9,12/10/2015 14:50,"Dukes County Jail and House of Correction, Edgartown",12,2,,,,,,,1,1,,1,,1,1,3,,6,,,,,,,,,2,,,,,,1,,,,,1,,,,,,,,,,,,,1,,,,,,,,,,,5,1,,,,,,,,,,,,,,,,,,,,,,,,,,,,,,,,,,,,,,,,,,,,,,,,,,,,,,,,,,,,,,,,,,,,,,,,,,,,,,,,,,,,,,,,,,,,,,,,,,,,,,,,,,,,,,,,,,,
14,12/2/2014 15:58,"Facility Inspection - Dukes County Jail and House of Correction, Edgartown",16,2,,,2,,,,1,,1,1,,1,1,3,,19,1,,,,,,1,1,,,,,,,,,,,,,,,,,,4,,,,,,,,,,,,,,,,1,,4,1,,,,,,,,,,,,,,,,,,,,,,,,,,,,,,,,,,,,1,,,,,,,,,,,,,,,,,,,,,,,,,,,,,,,,,,,,,,,,,,,,,,,,,,,,,,,,,,,,,,,,,,,,,,,,,,,,,,,
12,12/15/2016 15:45,"Facility Inspection - Dukes County Jail and House of Correction, Edgartown - December 9, 2016",15,2,,,,,,,1,1,,1,,1,1,4,,2,,,,,,,,,2,,,,,,,,,,,,,,,,,,,,,,,,,,,,,,,,,1,,4,1,,,,,,,,,,,,,,,,,,,,,,,,,,,,,,,,,,,,,,,,,,,,,,,,,,,,,1,,,,,,,,,,,,,,,,,,,,,,,,,,,,,,,,,,,,,,,,,,,,,,,,,,,,,,,,,,,,,,
15,5/2/2014 14:55,,10,2,,,2,,,,1,,5,1,,1,1,3,,14,,,,,,2,1,1,,1,,,,,3,1,,,1,,,1,,,,1,,1,,,,,,,,,,,,,,2,,1,1,,,,,,,,,,,,,,,,,,,,,,,,,,,,,,,,,,,,1,,,,,,,,,,,,,,,,,,,,,,,,,,,,,,,,,,,,,,,,,,,,,,,,,,,,,,,,,,,,,,,,,,,,,,,,,,,,,,,
46,10/21/2016 11:42,"Facility Inspection – Essex County Correctional Alternative Center, Lawrence - October 13, 2016",34,7,5,2,,,,,1,,2,2,,1,1,,,4,6,,4,1,,,,7,2,,,,1,,1,,,,,1,,,,,,,,2,,,,,,,4,,2,,,,1,4,,,,,1,,,,,,,,,,,,,,,,,,,,,,,,,,1,1,,,,,,,,,,,,,,,,,,,,,,,,,,,,,,,,2,,,,,,,,1,1,,,,,,,,,,,,,,,,,,,,,,,,,,,,,,,,,,,,,,,,,,,,,
40,10/21/2014 11:49,"Facility Inspection – Essex County Correctional Alternative Center, Lawrence",68,2,,3,1,,1,,1,1,6,1,,1,1,,,75,4,,8,,,,,9,,,,1,,,1,3,1,,,3,3,1,1,,,1,,,,,,1,,,2,,,,,,1,37,,,,3,,,,,,,,1,,,,,,,,,,,,,,,,,,,8,,,,,,,,,,,,,,,,,,,,,,,,,,,,,,,,,,,,,,,,,,,1,,,,,,,,,,,,,,,,,,,,,,,,,,,,,,,,,,,,,,,,,,,,
39,11/4/2015 19:07,"Essex County Correctional Alternative Center, Lawrence",53,2,,22,2,,6,1,1,2,7,2,,1,1,,,60,6,,9,2,,1,,11,2,1,,1,4,,3,1,,,,4,2,,,,,4,,2,,,,,,,3,,5,,,,1,39,,,,1,1,,,,,,,,,,,,,,,,,,,,,,,,,,8,,,,,,,,,,,,,,,,,,,,,,,,,,,,,1,,,,,,,,,,,,,,,,,,,,,,,,,,,,,,,,,,,,,,,,,,,,,,,,,,,,,,,,,,
38,3/30/2015 11:42,"Essex County Correctional Alternative Center, Lawrence",47,2,,2,2,,2,,1,1,2,1,1,1,1,,,61,6,,5,1,,,,11,2,,,,1,,4,2,,,,3,1,1,1,,,2,,,,,,,,,3,,,,,,1,35,,,,2,,,,,,,,,,1,,,,,,,,,,,,2,,,,,8,1,,,,,,,,,,,,,,,,,,,,,,,,,,,,,,,,,,,,,,,,,,,,,,,,,,,,,,,,,,,,,,,,,,,,,,,,,,,,,,,,,,,,,,
117,4/29/2014 15:18,Facility Inspection – Essex County Correctional Facility,104,2,,18,3,,,,1,4,6,1,2,1,1,,14,24,2,,5,1,,2,4,41,,,,,,,10,15,,1,,2,2,4,,,,,,,,,,,,2,,,,,,,8,3,,,,1,3,,,1,,,,,,,,,,1,,,,,,1,,,,,,,7,,,,,,,1,,,,,,,,,,,,,,,,,,,,,,,,,,,1,,,,,,,,,,1,1,,,,,,,,,,,,,,,,,,,,,,,,,,,,,,,,,,,,,,,,,,
55,5/6/2016 17:41,"Facility Inspection – Essex County Correctional Facility, Middleton - April 25, 2016",61,2,,2,11,,,1,1,6,1,1,,1,1,,5,4,3,,1,2,,,1,23,2,,,,,,1,3,,,3,1,,11,,,,1,,,,,,,,1,,2,,,,,7,2,,,,2,1,,,,,,1,,,,,,,1,,,,,,,,,,,,,3,,,,,,,,,,,,,,,,,,,,,,,,,1,,,,,,,,,,,,,,,,,,,,,1,,,,,,,,,,,,,,,,,,,,,,,,,,,,,,,,,,,,,,,,,
48,5/18/2015 13:14,"Facility Inspection – Essex County Correctional Facility, Middleton - May 18, 2015",40,2,,4,5,,2,,1,,4,1,1,1,1,,,6,,,,1,,,,20,2,,,,,,2,7,,1,6,3,3,4,,,,,,,,,,,,1,,,,,,,7,,,,,,,,,,,,,,,,,,,,,,,,,,,,,,,,7,,,,,,,,,,,,,,,,,,,,,,,,,,,,,,,,,,,,,,,,,,,,,,,,,,,,,,,,,,,,,,,,,,,,,,,,,,,,,,,,,,,,,,,
75,11/18/2016 14:54,"Facility Inspection – Essex County Correctional Facility, Middleton, MA - November 9, 2016",66,22,20,,11,,,1,1,7,1,1,,1,1,,4,4,1,,1,1,,,,23,2,1,,,1,,1,,,,,2,,,,,,2,,,,,,,,,,3,,,,,9,1,,,,1,,,,,,,,,,,,,,,,,,,,,,,,,,,3,,,,,,,,,,,1,,,,,,,,,,,,,,1,,,,,,,,,,,,,,,,,,,,,,,,,,,,,,,,,,,,,,,,,,,,,,,,,,,,,,,,,,,,,,
34,12/1/2015 15:55,Essex County correctional Facility,26,2,,6,1,,8,,1,,3,1,,1,1,,,4,,,,1,,,,12,2,1,,,,,,3,,,4,2,1,3,,,,3,,,,,,1,,2,,1,1,,,,7,,,,,,1,,,1,,,,,,,,,,,,,,,,,,,,,,,2,,,,,,,,,,,,,,,,,,,,,,,,,,,,,1,,,,,,,,,,,,,,1,,,,1,,,,,,,,,,,,,,,,,,,,,,,,,,,,,,,,,,,,,,,,
65,11/26/2014 19:23,,67,2,,5,4,,,,1,1,6,1,2,1,1,,20,8,1,,3,2,,,1,24,,1,,,,,4,3,,1,,2,2,2,,,,,,,,,,,,,,,,,,,8,,,,,,,,,,,,,,,,,,,,,,,,,,,,,,,,7,,,,,,,,,,,,,,,,,,,,,,,,,,,,,,,,,,,,,,,,,,,,2,,,,,,,,,,,,,,,,,,,,,,,,,,,,,,,,,,,,,,,,,,,
,3/15/2016 12:30,"Facility Inspection – Essex County Women in Transition, Salisbury - February 11, 2016",1,2,,,1,,,,1,,,1,,1,1,,,,,,,,,1,,1,2,,,,,,,,,,,,,1,,,,,,,,,,,,,,,1,,,,1,,,,,,1,,,,,,,,,,,,,,,,,,,,,,,,,,,,,,,,,,,,,,,,,,,,,,,,,,,,,,,,,,,,,,,,,,,,,,,,,,,,,,,,,,,,,,,,,,,,,,,,,,,,,,,,,,,,,,,,,
,9/27/2016 11:56,"Facility Inspection – Essex County Women in Transition, Salisbury - September 21, 2016",,3,1,,1,,,,1,,,2,,1,1,,,,1,,2,,,1,,,2,,,,,,,,,,,,,,,,,1,,,,,,,,,,,2,,,,1,,,,,,,,,,,,,,,,,,,,,,,,,,,,,,,,,,,,,,,,,,,,,,,,,,,,,,,,,,,,,,,,,,,,,,,,,,,,,,,,,,,,,,,,,,,,,,,,,,,,,,,,,,,,,,,,,,,,,,,
1,9/16/2014 17:38,"Facility Inspection – Essex County Women in Transition, Salisbury - 9/22/14",3,2,,,,,,,1,,,1,,1,1,,,,,,,,,,,1,,,,,,,,,,,,1,,,,,,,,,,,,,,,,,,,,,1,,,,,,,,,,,,,,,,,,,,,,,,,,,,,,,,,,,,,,,,,,,,,,,,,,,,,,,,,,,,,,,,,,,,,,,,,,,,,,,,,,,,,,,,,,,,,,,,,,,,,,,,,,,,,,,,,,,,,,,
29,4/6/2015 15:32,"Facility Inspection - Franklin County Jail and House of Correction, Greenfield - April 6, 2015",21,2,,1,,,,,1,3,,1,,1,1,,,,3,,,,1,,,,2,,,,,,1,,,,,,,1,,,,2,,,1,,,,,,,,1,,,,,,,,,1,,1,,,,,,,,,,,,,,,,,1,,,,,,,,,,,,,,,,,,,,,,,,,,,,,,,,,,,,,,,,,,,,,,,,,,,,,,,,,,,,,,,,,,,,,,,,,,,,,,,,,,,,,,,,,,,,,,,
74,5/5/2016 14:09,"Facility Inspection - Franklin County Jail and House of Correction, Greenfield - April 28, 2016",25,2,,1,2,,1,,1,2,2,1,,1,1,,,1,4,,,,,1,,,2,,,,,,1,,,,,,2,1,,,,2,,,,,,,,1,,,,,,,,,,,,1,,,,,,,,,,,,,,1,,,,,,,,,,,,,,,,,,,,,,,,4,,,,,,,,,,,,,,,,,,,,,,,,,,,,,,,,,,,,,,,,,,,,,,,,,,,,,,,,,,,,,,,,,,,,,,,,,,,,
65,11/1/2016 14:51,"Facility Inspection - Franklin County Jail and House of Correction, Greenfield - October 31, 2016",16,4,2,2,,,1,,1,2,,1,,1,1,,1,,2,,,,,,,,2,,,,,,,,,,,,,,,,,2,,,,,,,,,,1,,,,,,,,,,,,,,,,,,,,,,,,,,,,,,,,,,,,,,,,,,,,,,,,,,,,,,,,,,,,,,,,2,,,,,,,,,,,,,,,,,,,,,,,,,,,,,,,,,,,,,,,,,,,,,,,,,,,,,,,,,,,,
54,11/27/2015 19:51,"Facility Inspection - Franklin County Jail and House of Correction, Greenfield - 11/17/15",33,2,,,3,,,,1,2,1,1,1,1,1,,,1,,,,,2,,,1,2,,,,,,,1,,,,,4,1,,,,1,,,,,,,1,1,,,,,,,,,,,,,,1,,,,,,,,,1,,,1,,,,,,,,,,,,,,,,,,,,,,,,1,,,,,,,,,,,,,,,,,,,,,,,,,,,,,,,,,,,,,2,,,,,,,,,,,,,,,,,,,,,,,,,,,,,,,,,,,,,,,
4,12/24/2014 16:42,,15,2,,,3,,,1,1,5,1,1,,1,1,,,2,3,,,,,,,,2,,,,,,,1,,,,,,1,,,,,,,,,,,,1,,,,,,,,,,,,1,,,,,,,,,,,,,,,,,,,,,,,,,,,,,,,,,,,,,,,,,,,,,,,,,,,1,,,,,,,,,,,,,,,,,,,,,,,,,,,,,,,,,,,,,,,,,,,,,,,,,,,,,,,,,,,,,,,
,4/30/2014 15:18,,9,2,,,,,,,1,,1,1,,1,1,,,,5,,,,,1,,,,,,,,,1,,,,,,,1,,,,,,,,,,,,,,,,,,,,,,,,,,,,,,,,,,,,,,,,,,,,,,,,,,,,,,,,,,,,,,,,,,,,,,,,,,1,1,,,,,,,,,,,,,,,,,,,,,,,,,,,,,,,,,,,,,,,,,,,,,,,,,,,,,,,,,,,,,,,
15,1/23/2015 20:00,"Facility Inspection - Western Mass Women’s Correctional Center, Chicopee - January 2015",19,2,,,,,,,1,,2,1,,1,1,,1,,,,,,,,,,2,,,,,,,1,,,,,,1,,,,1,,,,,,,,,,,,,,,,,,,,,,,,,,,,,,,,,,,,,,,,,,,,,,,,,,,,,,,,,,,,,,,,,,,,,,,,,,,,,,,,,,,,,,,,,,,,,,,,,,,,,,,,,,,,,,,,,,,,,,,,,,,,,,,,,,,,,,
3,3/11/2016 20:20,"Facility Inspection - Western MA Women’s Correctional Center, Chicopee - January 27, 2016",3,2,,,1,,,,1,5,,1,,1,1,,1,,1,,,1,,,,2,2,2,,1,,,,,,,1,,,,,,,3,,,,,,,,1,,,1,,,,,,,,,,,,,,,,,,,,,,,2,,,,,,,,,,,,,,1,,,,,,,,,,,,,,,,,1,,,,,,,,,,,,,,,,,,,,,,,,,,,,,,,1,,,,,,,,,,,,,,,,,,,,,,,,,,,,,,,,,,,,,,
,4/30/2014 12:09,"Facility Inspection – Western Mass Women’s Correctional Center, Chicopee",6,2,,,,,,,1,,,1,,1,1,,,,1,2,,,,,,,,,,,,,,,,,,,,,,,,,,,,,,,,,,,,,,,,,,,,,,,,,,,,,,,,,,,,,,,,,,,,,,,,,,,,,,,,,,,,,,,,,,,,,,,,,,,,,,,,,,,,,,,,,,,,,,,,,,,,,,,,,,,,,,,,,,,,,,,,,,,,,,,,,,,,,,
4,6/21/2016 19:29,"Facility Inspection - Western MA Women’s Correctional Center, Chicopee, MA - June 10, 2016",2,2,,,,,,,1,1,,1,,1,1,,,,,,,,,,,1,2,,,,,,,,,,,,,,,,,1,,,,,,,,,,,,,,,,,,,,,,,,,,,,,,,,,,,,,,,,,,,,,,,,,,,,,,,,,,,,,,,,,,,,,,,,,,,,,,,,,,,,,,,,,,,,,,,,,,,,,,,,,,,,,,,,,,,,,,,,,,,,,,,,,,,,,,
18,6/11/2015 17:15,"Western Mass Women’s Correctional Center, Chicopee",6,2,,,,,,,1,3,1,1,2,1,1,,3,,,,,,,1,,,2,2,,1,,,,,,,,,,,,,,2,,,,,,,,1,,,1,,,,,,,,,,,,,,,,,,,,,,,,,,,,,,,,,,,,,,,,,,,,,,,,,,,,,,,,,,,,,,,,,,,,,,,,,,,,,,,,,,,,,,2,,,,,,,,,,,,,,,,,,,,,,,,,,,,,,,,,,,,,
64,2/16/2016 17:08,"Facility Inspection - Western MA Correctional Alcohol Center, Holyoke - January 28, 2016",86,2,,,4,,,,1,4,4,2,,1,1,,1,7,2,,,2,,,,3,2,,,1,,,,,,,,,1,,,,,34,1,,,,1,,,,,1,2,1,,,,,,,,,,,,,,,,1,,,,,1,1,,,,,,,,,,,,,,,,,,1,,,,,1,,,,,,,,,,,,,,,,,1,,,,,,1,,,,,,,,,,,,,,,2,,,1,,,,,,,,,,,,,,,,,,,,,,,,,,,,,,,,,,,,
48,6/24/2016 17:41,"Facility Inspection - Western MA Correctional Alcohol Center, Holyoke - June 17, 2016",72,2,,,1,,,,1,1,2,1,,1,1,,1,2,1,,,,,,,2,2,,,1,,,,,,,,,,1,,,,35,1,,,,,,,,,,,,,,,,,,,,,,,,,,,1,,,,,,,,,,,,,,,,,,,,,,,,,,,,,1,,,,,,,,,,,,,,,,,1,,,,,,,,,,,,,,,,,,,,,,,,1,,,,,,,,,,,,,,,,,,,,,,,,,,,,,,,,,,,,
108,2/9/2016 16:43,"Facility Inspection – Hampden County Jail and House of Correction, Ludlow - February 1 - 5, 2016",49,2,,1,5,,1,1,1,4,1,1,,1,1,,9,,4,,,4,,,4,,2,1,,2,,,,,,,,1,1,,,,,3,1,,,,,,,1,,1,1,,,,,,,,,,,,,,,,,,,1,,,,,,,,,,,,,,,,,,,,,,,,,,,,1,,,,,,,,,,,,,,,,1,,,,,,,,,,,,,,,,,,,,,,,,,,,,,,,,,,,,,,,,,,,,,,,,,,,,,,,,,,,,
138,9/16/2016 18:57,"Facility Inspection – Hampden County Jail and House of Correction, Ludlow - September 6, 7, and 8, 2016",43,2,,1,2,,,,1,2,,1,,1,1,,12,,,,,2,,,1,,2,2,,2,,,,1,,,,,,2,,,,2,,,,,,,,,,,,,,,,,,,,,,,,,,,,,,,,,,,,,,,,,,,,,,,,,,,,,,,,,,2,,,,,,,,,,,,,,,,,,,,,,,,,,,,,,,,,,,,,1,1,,,,,,,,,,,,,,,,,,,,,,,,,,,,,,,,,,,,,,
93,7/7/2015 18:35,"Hampden County Jail and House of Correction, Ludlow",59,2,,,19,,,,1,4,3,3,,1,1,,18,10,1,,,,,2,1,1,2,5,,2,,,,,,,3,,,4,,1,,7,,,,,,3,,,,,3,,,,,,,,,,,,,,,,,,,1,,,1,,,,,,,,,,,,,,,,,,,,,,,,,3,,,,,,,,,,,,,,,,,,1,,,,,,,,,,,,,,,,,,,,,,,1,,,,,,,,,,,,,,,,,,,,,,,,,,,,,,,,,,,
16,2/3/2015 19:28,"Facility Inspection - Western Mass Correctional Alcohol Center, Springfield - February 2015",53,2,,2,1,,,,1,2,4,1,,1,1,,2,5,,,,,1,2,,,2,,,1,,,3,4,,,2,,,2,,,,,,,,,,,,,,,,,,,,2,,,,,,,,,,,,,,,,,1,,,,,,,,,,,,,,,,,,1,,,,,,,,,,,,,,,,,,,,,,,,,,,,,,,,,,,,,,,,,,,,,,,,,1,,,,,,,,,,,,,,,,,,,,,,,,,,,,,,,,,,
2,4/30/2014 13:55,"Facility Inspection – Western Mass Correctional Alcohol Center, Springfield",9,2,,,,,,,1,2,,1,,1,1,,,,1,,,,,1,,,,,,,,,,,,,,,,,,,,,,,,,,,,,,,,,,,,,,,,6,,,,,,,,,,,,,,,,,,,,,,,,,,,,,,,,,,,,,,,,,,,,,,,,,,,,,,,,,,,,,,,,,,,,,,,,,,,,,,,,,,,,,,,,,,,,,,,,,,,,,,,,,,,,,,,,,,
14,4/30/2014 19:03,,18,2,,,,,,,1,,,1,,1,1,,,,1,,,,,,,,,,,,,,1,,,,,,,,,,,,,,,,,,,,,,,,,,,,,,,,,,,,,,,,,,,,,,,,,,,,,,,,,,,,,,,,,,,,,,,,,,,,,,,,,,,,,,,,,,,,,,,,,,,,,,,,,,,,,,,,,,,,,,,,,,,,,,,,,,,,,,,,,,,,,,,,,
74,5/26/2016 12:59,,41,2,,,,,,,1,1,2,1,,1,1,,2,4,1,,,1,,1,2,,2,,,,,,,1,,,,,,,,,,3,,,,,,,,,,1,1,,,,,1,,,,,,,,,,,,,,,,,,,,,,,,,,,,,,,,,,,,,,,,,,,,,,,,,,,,,,,,,,,,,,,,,,,,,,,,,,,,,,,1,,,,,,,,,,,,,,,,,,,,,,,,,,,,,,,,,,,,,,,
71,6/3/2015 17:39,"Hampshire County Jail and House of Correction, Northampton",30,2,,,,,,,1,1,1,2,,1,1,,,4,1,,,,,1,,,2,,,,1,,,1,,,,,,1,,,,2,,,,,,,,,,3,3,,,,,2,,,,,,,,,,,,,,,,,,,,,,,,,,,,,,,,,,,,,,,,,,,,,,,,,,,,,,,,,,,,,,,,,,,,,,,,,,,,,,,,,,,,,,,,,,,,,,,,,,,,,,,,,,,,,,,,,,,,,,
34,12/24/2014 17:02,,10,2,,,,,,1,1,1,,1,,1,1,,,,,,,,,,1,,1,,,,,,,,,,,,,,,,,,,,,,,,,,,1,,,,,,,,,,,,,,,,,,,,,,,,,,,,,,,,,,,,,,,,,,,,,,,,,1,,,,,,,,,,,,,,,,,,,,,,,,,,,,,,,,,,,,,,,,,,1,,,,,,,,,,,,,,,,,,,,,,,,,,,,,,,,,
65,12/16/2016 19:42,"Facility Inspection - Hampshire County Jail and House of Correction, Northampton - December 8, 2016",29,6,4,1,5,,,,1,2,1,1,,1,1,,7,1,,,,,,,,,2,,,,,,,,,,,,,,,,,,,,,,,,,,,,,,,,,1,,,,,,,,,,,,,,,,,,,,,,,,,,,,,,,,,,,,,,,,,,,,,,,,,,,,,,,,,,,,,,,,,,,,,,,,,,,,,,,1,,,,,,,,,,,,,,,,,,,,,,,,,,,,,,,,,,,,,,,
108,12/18/2015 13:13,"hampshire County jail and House of Correction, Northampton",61,2,,1,4,,,,1,1,3,1,,1,1,,,5,7,,1,,1,4,,1,2,1,,1,,,1,5,,,,,,1,,,,3,,,,,,,,1,,1,,,,,,1,,,,,1,,,,,,,,,,1,,,,,,,,,,,,,1,,,,,,2,,,,,1,,,,,1,,,,,,,,,,,,,,,,,,,,,,,,,,,,,,,,,,,,,,,,,,,,,,,,,,,,,,,,,,,,,,,,,,,,,,,,,,
34,3/14/2016 15:29,"Facility Inspection – Massachusetts Treatment Center, Bridgewater - March 1, 2016",30,2,,3,3,,,,1,,1,1,,1,1,,,25,,,,,,,,8,2,,,,,,,1,,1,,1,1,,,,,,,,,,,,,,,,,,,,,,,,,,,,,,,,,,,,,,,,,,,,,,,,,,,,,,,,,,,,,,,,,,,,,,,,,,,,,,,,,,,,,,,1,,,,,,,,,,,,,,,,,,,,,,,,,,,,,,,,,,,,,,,,,,,,,,,,,,,,
20,9/8/2015 16:57,"massachusetts treatment center, bridgewater",29,2,,2,2,,,,1,,1,1,,1,1,,,12,,,,,,,1,7,2,,,,1,,,1,,1,,1,1,,,,,,,,,,,,,,,,,,,,,1,,,,,,,,,,,,,,,,,,,,,,,,,,,,,,,,,,,,,,,,,,,,,,,,,,,,,,,,,,,,,,,,,,1,,,,,,,,,,,,,,,,,,,,,,,,,,,,,,,,,,,,,,,,,,,,,,,,,,,,
57,10/9/2014 14:18,"Facility Inspection – Massachusetts Treatment Center, Bridgewater - October 9, 2014",56,2,,5,5,,1,,1,1,5,1,,1,1,,,12,,,1,3,,2,,,2,,,1,1,,1,4,,,2,1,1,1,,,,5,1,,,,,,,1,,1,1,,1,,,1,,,,,1,,,,,,,,,,,,,,1,,,,,,,,,,,,1,,,,,,,,,,,,,1,,,,,,,,,,,,,,,,,,,,,,,,,,,,,,,,,,,,,,,,,,1,,,,,,,,,,,,,,,,,,,,,,,,,,,,,,,,
39,9/30/2016 17:03,"Facility Inspection – Massachusetts Treatment Center, Bridgewater - September 14, 2016",40,2,,5,2,,,,1,,1,1,,1,1,,,21,,,,,,,,11,2,,,,,,,,,,,,1,,,,,,,,,,,,,1,,,,,,,,,,,,,,,,,,,,,,,,,,,,,,,,,,,,,,,,,,,,,,,,,,,,,,,,,,,,,,,,,,,,,,,,,,,,,,,,,,,,,,,,,,,,,,,,,,,,,,,,,,,,,,,,,,,,,,,,,,,,,,
33,3/13/2014 18:28,"Facility Inspection – Massachusetts Treatment Center, Bridgewater - 03/14",33,2,,,10,,,,1,,5,1,,1,1,,,17,,,1,2,,1,1,2,,,,,,,1,2,,,,,,,,,,,,,,,,,,1,,,,,,,,1,,,,,,,,,,,,,,,,,,,,,,1,,1,,,,,,,,,,,,,,,,,,,,1,,,,,,,,,,,,,,,,,,,,,,,,,,,,,,,,,,,,,,,,,,,,,,,,,,,,,,,,,,,,,,,,,,,,,,,,,,
68,3/4/2015 16:18,,24,2,,2,,,,,1,,2,1,,1,1,,,9,,,,1,,,,3,2,,,,,,,,,,,1,,,,,,,,,,,,,,,,,,,,,,,,,,2,,,,,,,,,,,,,,,1,,,,,,,,,,,,,,,,,,,,,,,,,1,,,,,,,,,,,,,,,,,,,,,,,,,,,,,,,,,,,,,,,,,,,,,,,,,,,,,,,,,,,,,,,,,,,,,,,,,,
134,12/9/2014 18:57,,145,2,,6,3,,2,,1,7,3,1,,1,1,,1,44,7,,3,,,3,,1,,,,,,,13,,,1,1,2,,,,,,,,,,,,,,,,,,,,,,,,9,1,,,,,,,,,,,,,,,,,,,,,,,2,,,,,,,,,,,,,,,,,1,1,,,,,,,,,,,,,,,,,,,,,,,,,,,,,,,,,,,,,,,,,,,,,,,,,,,,,,,,,,,,,,,,,,,,,,,,,,
102,1/11/2017 17:34,"Facility Inspection – MCI Cedar Junction, Walpole - December 2016",118,24,22,3,2,,2,1,1,1,,1,,1,1,,,16,3,,1,1,,,,1,2,1,,,,,,,,,,1,,,,,,2,,,,,,,1,1,,,,,,,,1,,10,1,,,,,,,,,,,,,,,,,,,,,,,1,,,,,,,,,,,,,,,,,,,,,,,,,,,,,,1,,,,,,,,,,,,,,,,,,,,,,,,,,,,,,,1,,,,,,,,,,,,,,,,,,,,,,,,,,,,,,,
175,5/19/2014 13:39,,209,2,,6,5,,3,,1,10,1,1,,1,1,,5,77,7,,5,,,5,,5,,,,1,1,,1,,,,1,1,4,,,,,5,,,,,,1,,2,,,1,,,,,,,9,1,,,,,,,,,,,,,,,,,,,,,,1,,3,,,,,,,,,,,,,,,,,,,,,,,,,,,,1,,,,,,,,,,,,,,,,,,,,,,,,,,,,,,,,,,,,,,,,,,,,,,,,,,,,,,,,,,,,,,,
121,5/18/2015 13:16,"MCI Cedar Junction, Walpole",77,2,,3,2,,,,1,8,,1,,1,1,,,26,6,,1,,,,,,2,,,,1,,2,7,,,,1,,,,,,,,,,,,,,,,,,,,,,3,,9,1,,,,,,,,,,,,,,,,,,,,,,,,,,,,,,,,,,,,,,,,,,,,,,,,,,,,,,,,,,,,,,,,,,,,,,,,,,,,,,,,,,,,,,,,,,,,,,,,,,,,,,,,,,,,,,,,,,,
16,5/18/2016 15:10,"Facility Inspection – MCI Concord - May 11, 2016",5,2,,1,2,,,,1,1,1,1,,1,1,,,10,,,,,,,,,2,,,,,,,,,,,2,,,,,,,,,,,,,,,,,,,,,1,8,,,,,,,,,,,,,,,,,,,,,,,,,,,,,,,,,,,,,,,,,,,,,,,,,,,,,,,,,,,,,,,,,,,,,,,,,,,,,,,,,,,,,,,,,,,,,,,,,,,,,,,,,,,,,,,,,,,,,,
167,1/13/2015 17:19,,107,2,,1,12,,,,1,3,9,1,,1,1,,1,50,,,4,1,,1,1,4,2,,,,,,8,4,,,,2,2,,,,,,,,,,,,,,,,,,,,3,11,,,,1,,,,,,,,,,,,,,,,,,,,,,,,,,,1,,,,,,,,,,,,,,,,,,,,,,,,,,,,,,,,,,,,,,,2,,,,,,,,,,,,,,,,,,1,1,,,,,,,,,,,,,,,,,,,,,,,,,,,,,
78,12/12/2016 16:12,Facility Inspection – MCI Concord - December 2016,54,6,4,3,6,,,,1,,7,1,,1,1,,,11,1,,,,,,3,4,2,1,,,,,,,,1,,,1,,,,,,,,,,1,,,,2,,,,,,6,4,,,,,,,,,,,,,,1,,,,,,,,,,1,,,,,,,,,,,,,,,,,,,,,,,,,,,,,,,,,,,,,,,,,,,,,,,,,,,,,,,,,,,,,,,,1,1,,,,,,,,,,,,,,,,,,,,,,,,,,,,,
38,12/17/2015 18:24,MCI Concord,25,2,,1,7,,,,1,1,3,1,,1,1,,,18,,,,,,,,,2,,,,,,1,1,,,,2,1,,,,,1,,,,,1,,,1,,,,,,,1,11,,,,,,,,,,,,,,,,,,,,,,,,,,,,,,,,,,,,,,,,,,,,,,,,,,,,,,,,,,,,,,,,,,,,,,,,,,1,,,,,,,,,,,,,,,,1,,,,,,,,,,,,,,,,,,,,,,,,,,,,
56,6/12/2015 18:54,MCI Concord,38,2,,1,19,,,,1,2,10,1,,1,1,,6,22,,,16,1,1,1,2,,2,,,,,,1,,,,,4,1,,,,,1,,1,,,,,,,,,1,,,,1,11,,,,,,,,,,,,,,,,,,,,,,,,,,,,,,,,,,,,,,1,,,,,,,,,,,,,,,,,,,,,,,,,,,,,,,,,,,,,,,,,,,,,,,,,,,,,,,,,,,,,,,,,,,,,,,,,,,,,,,,
231,6/5/2014 16:45,,129,2,,6,27,,,,1,12,14,1,,1,1,,10,40,2,,9,1,1,,,11,,,,2,,,10,6,,,,4,3,,,,,,,,,,,2,,1,,,,,,,3,17,,,,2,,,,,,,,,,,,,,,,,,,,,,,,,,,1,,,,,,,1,,,,,,,,,,,,,,,,,,,,,,,,,,,1,,,,,6,,,,,,,,,,,,,,,,,,1,1,,,,,,,,,,,,,,,,,,,,,,,,,,,,,
72,1/29/2016 16:12,"Facility Inspection – MCI Framingham - February 29, 2016",73,2,,10,3,,,,1,2,4,1,,1,1,,,4,,,,1,,1,1,13,2,,,,2,,2,1,,,,1,1,1,,,,,1,,,,,3,,4,,,,,,,15,3,,,,,,1,,1,1,,,,,,,,,,,1,,,1,,,,,,,,,,,,,,,,,,,,,,,,,,,,,,,,,,,,,,,,,,,,,,,,,,,1,,,,,,,,,,,,,,,,,1,,,,,,,,,,,,,,,,,,,,,,,,,,,
69,2/4/2014 20:52,,60,2,,3,10,,1,,1,11,9,1,1,1,1,,,74,1,,3,,,3,,18,,,,,,,,3,,,,1,,3,,,,,,,,,,2,1,4,,,,,,,22,1,,,,,,,,,,,,,,,,,,,,,,,,1,,,,,,,,,,1,,,,,,,,,,,,,,,,,,,,,,,,1,,,,,,,2,,,,,,,,,,,,,,,,,,,,,,,,,,,1,1,1,,,,,,,,,,,,,,,,,,,,,,,,
106,2/6/2015 18:05,Facility Inspection – MCI Framingham - February 2015,184,2,,7,16,,1,,1,6,5,1,3,1,1,,5,8,2,,5,,,2,1,9,2,,,11,,,1,2,,,1,1,1,4,,,,,1,1,,,,5,3,5,,2,,,1,,22,,,,,,,,,,,,1,,,,,,1,,,,,,,1,,,,,,,,,,,,,,,1,,,,,,,,,1,,,,,,,,,,,,,,1,,1,1,,,,,,,,,,,,,,,,,,,,,,,,,,,,,,,,,,,,,,,,,,,,,,,,,,,,,
94,7/15/2015 19:52,,100,2,,14,2,,,1,1,2,7,1,,1,1,,1,6,2,,3,,,2,1,14,2,,,,,,1,3,,,,4,1,,,,,,,,,,,4,1,,,,,,,,4,1,,,,,,,,,,,1,,,1,,,,,,,,,,,,,,,,,,,,,,,,,,,,,,,,,,,,,,,,,,,,,,,,,,,,,,,,,,,,,,,,,,,,,,,,,,,,,,,,,,,,,,,,,,,,,,,,,,,,,,,,
64,6/17/2016 14:17,MCI Framingham,59,2,,15,8,,,,1,4,9,1,,1,1,,3,2,3,,,2,,1,1,8,2,,,11,,,,6,,,,2,2,7,,,,,2,,,,2,3,1,2,,,1,,,,11,1,,,,,,,,1,,,,,,,,,,,,1,,,,,,,1,,,,2,,,,,,,,,,,,,,,,,,,,,,,,,,,,,,,,,,,,1,,,,,,,,,,,,,,,,,,,,,,,,1,,,,1,,,,,,,,,,,,,,,,,,,,,,,
78,7/7/2014 19:01,Facility Inspection – MCI Framingham,83,2,,5,3,,,,1,10,7,1,1,1,1,,,59,,,8,,,3,,14,,,,,,,2,1,,,,1,,3,,,,,,,,,,3,1,5,,,,,,,22,,,,,,,,,,,,,,,,,,,,,,,,,3,,,,,,,,,,3,,,,,,,,,,,,,,,,,,,,,,,,,,,,,,,2,,,,,,,,,,,,,,,,,,,,,,,,,,,1,,1,,,,,,,,,,,,,,,,,,,,,,,,
189,12/30/2014 18:38,,347,2,,6,46,,,,1,10,12,1,,1,1,,11,43,3,,1,2,,9,,10,1,,,8,,,1,6,,1,,2,8,1,,,,8,2,,,,,10,4,4,1,,,,,,,2,,23,,1,,,,,6,,,,,,,1,4,,,1,,1,1,1,,,,,,,43,,,1,,,,,,,,,,,,,,4,,,,,,,,,,,,,,,,,,,,,,,,,,,,,,,,,,,,,,,,,,,,,,,,1,,,,,,,,,,,,,,,,,,,,,,
156,4/16/2015 12:00,"Facility Inspection – MCI Norfolk - April 17, 2015",211,2,,3,32,,,,1,5,21,1,5,1,1,,2,18,1,,1,2,,8,1,12,2,,,8,,,1,2,,,,2,1,,,,,4,1,,,,,2,1,10,1,,,,,,,5,,23,,1,,,,2,4,,,,,,,1,1,,1,1,,1,,,,,,,,,23,,,,,,,,,,,,,,,,,9,,,,,,,,,,,,,,,,,,,,,,,,,,,,,,,,,,,,,,,,,,,,,,,,,1,,,,,,,,,,,,,,,,,,,,,
151,4/22/2016 18:35,"Facility Inspection – MCI Norfolk - April 5, 2016",93,2,,19,7,,,,1,,16,1,,1,1,,,20,1,,3,2,,,,43,2,,,,1,,4,1,,,,1,1,,,1,,,1,,,,,,,7,1,,,,,,1,1,,22,,,,,,1,,,,,,,,,,,2,1,,1,,,,,,,,,8,,,,,,,,,,,,,,,,,,,,,,,,,,,,,,,,,,,,,,,,,,,,,,,,,,,,,,,,,,,,,,,,,,,,,,,,,,,,,,,,,,,,,,,
164,11/16/2016 16:40,"Facility Inspection – MCI Norfolk - November 1, 2016",99,5,3,14,3,,,,1,,10,1,,1,1,,,15,1,,,2,,,1,40,2,,,,,,2,,,,,,7,,,,,,,,,,1,,,6,,,,,,,1,2,,22,,,,,,,1,,,,,,,,,,1,,,,,1,,,,,,,5,,,,,,,,,,,,1,,,,,,,,,,,,,,,,,,,,,,,,,,,,,,,,,,,,,,,,,,,,,,,,,,,,,,,,,,,,,,,,,,,,,,,,,,,
202,12/1/2015 15:21,MCI Norfolk,94,2,,13,14,,,1,1,3,26,1,,1,1,,1,18,,,1,5,,,,38,2,1,,,1,,3,,,1,,2,1,,,1,1,,1,,,,,1,,1,1,,,,,,,3,,23,,,,,,1,,,,,,,,1,,,1,,,2,,1,,,,,,,15,,,,,,,,,,,,,,,,,,,,,,,,,,,,,,,1,,,,,,,,,,,,,,,,,,,,,,,,,,,,,,,,,,,,,,,,,,,,,,,,,,,,,,,,
233,5/8/2014 12:26,,255,2,,9,51,,,1,1,8,24,1,,1,1,,14,129,4,,,4,1,6,,2,,,,,,,1,12,,,1,1,15,,,,,10,3,,,,2,21,14,2,2,,,,,,,4,,23,,1,,,,,,,,1,,,,2,2,,1,1,,1,,1,,,,,,,51,,,1,,,,,,,,,,,,,,,,,,,,,,,,,,,,,,,,,,,,,,,,,,,,,1,,,,,,,,,,,,,,,,,,,1,,,,,,,,,,,,,,,,,,,,
11,4/18/2014 13:30,"Facility Inspection - M.C.I. Plymouth, Carver",8,2,,,1,,1,,1,1,,1,,1,1,2,,5,,,1,1,,,,,,,,,,,2,,,,,,,,,,,,,,,,,1,,,1,,,,,,,1,,,,,,,,,,,,,,,,,,,,,,,,,,,,,,,,,,,,,,,,,,,,,,,,,,,,,,,,,,,,,,,,,,,,,,,,,,,,,,,,,,,,,,,,,,,,,,,,,,,,,,,,,,,,,,,,,,,,,,
12,4/10/2015 14:22,"Facility Inspection - M.C.I. Plymouth, Carver - April 10, 2015",3,2,,,2,,,,1,1,,1,,1,1,,,1,1,,,,,,1,4,2,,1,,,,,,,,1,,,1,,,,,,,,,,1,,1,,,,,,,,,,3,,,,,,,,,,,,,,,,,,,,,,,,,,,,,,,,,,,,,,,,,,,,,,,,,,,,,,,,,,,,,,,,,,,,,,,,,,,,,,,,,,,,,,,,,,,,,,,,,,,,,,,,,,,,,,,,,,,,
9,5/16/2016 14:59,"Facility Inspection - M.C.I. Plymouth, Carver - April 27, 2016",3,2,,,,,,,1,,,1,,1,1,,,2,2,,,,,3,1,1,2,,1,,,,,1,,,1,,,,,,,,,,,,,,,1,,,,,,,,,,3,,,,,,,,,,,,,,,,,,,,,,,,,,,,,,,,,,,,,,1,,,,1,,,,,,,,,,,,,,,,,,,,,,,,,,,,,,,,,,,,,,,,,,,,,,,,,,,,,,,,,,,,,,,,,,,,,,,,,,
7,10/20/2014 14:27,,9,2,,,1,,,,1,2,,1,,1,1,,,2,,,,,,,,,2,,,,,,1,,,,1,1,,,,,,,,,,,,,,,,,,,1,,,1,,3,,,,,,,,,,,,,,,,,,,,,,,,,,,,,,,,,,,,,,,,,,,,,,,,,,,,,,,,,,,,,,,,,,,,,,,,,,,,,,,,,,,,,,,,,,,,,,,,,,,,,,,,,,,,,,,,,,,,
9,11/17/2015 15:13,"MCI Plymouth, Carver",1,2,,,,,,,1,,,1,,1,1,,,1,3,,,,,2,,2,2,,1,,,,,1,,,,,,3,,,,,,,,,,,,,,,,,,,,,,3,,,,,,,,,,,,,,,,,,,,,,,,,,,,,,,,,,,,,,1,,,,1,,,,,,,,,,,,,,,,,,,,,,,,,,,,,,,,,,,,,,,,,,,,,,,,,,,,,,,,,,,,,,,,,,,,,,,,,,
7,12/6/2016 16:27,"Facility Inspection - M.C.I. Plymouth, Carver - November 2016",3,9,7,,1,,,,1,,,1,,1,1,,,1,2,,,,,,,,2,,,,,,,,,,,,,,,,,,,,,,,,,,,,,,,,,,,3,,,,,,1,,,,,,,,,,,,,,,,,,,,,,,,,,,,,,,,,,,,,,,,,,,,,,,,,,,,,,,,,,,,,,,,,,,,,,,,,,,,,,,,,,,,,,,,,,,,,,,,,,,,,,,,,,,,,,
175,5/31/2016 16:21,,136,2,,7,18,,,,1,4,8,1,,1,1,,3,20,6,,5,1,,2,,23,2,2,,,1,,,2,1,,,4,,4,,,,6,,1,,,,7,,3,,,1,,,,,16,,17,,,1,,,,,,,,,,,,,,,,,,,,,,,,,,1,,,,,,,1,,,,1,,1,,,,,,,,,,,,2,,,,,,,,,2,,,,,,,,,,,,,,,,,,,,,,,,,1,,,,,,,,,,,,,,,,,,,,,,,,,,,,
160,12/8/2016 17:05,Facility Inspection – MCI Shirley - December 2016,141,12,10,3,11,,,1,1,15,13,1,,1,1,,2,27,4,,12,,1,,1,23,2,2,,,1,,,,,,1,4,,,,,,5,,,,,,7,,2,,,1,,,,,14,,17,,,,,,,,,,,,,,,,,,,,,,,,,1,,,,1,,,,,1,,,,,,1,1,,,,,,,,,,,,,,,,,,,,,,,,,,,,,,,,,,,,,,,,,,,,,,,,,,,,,,,,,,,,,,,,,,,,,,,,,,,
156,1/8/2016 17:25,mci shirley,85,2,,9,16,,1,1,1,3,6,1,,1,1,,13,27,1,,4,2,2,3,,9,2,3,,4,1,,4,6,1,,,2,,3,,,,27,,2,,,,6,,2,,1,2,,1,,,6,,17,,,3,1,,,,,1,,,1,,,,,1,,,,,,,1,1,,,,1,,,,,,,1,,,,2,,,,,,,,,1,,,,,,,,,,,,,,2,,,,,,,,,,,,,,,,,,,,,,,,,,,,,,,,,,1,1,1,,,,,,,,,,,,,,,,,
112,2/5/2016 16:43,"Facility Inspection – Middlesex County Jail and House of Corrections, Billerica - Januray 15, 2016",68,2,,4,41,,,,1,2,7,1,,1,1,,9,11,3,,2,2,7,6,,2,2,3,,,3,,2,5,,,,1,1,,,,,8,,,,,1,1,,,,7,1,,,,,5,,6,,,1,,,,,,,,,,,,,1,1,,,,,,,,,,,,,,,,,,,2,,,,1,,1,,,,,,,,,,,,3,,,,,,1,,,,,,,,,,,,,,,,,,,,,,,,,,,,,,,,,,,,,,,,1,,,,,,,,,,,,,,,,
86,3/12/2015 17:33,,40,2,,3,10,,,,1,1,9,1,1,1,1,,2,16,2,,5,1,,5,,3,2,,,2,3,,2,3,,,1,1,3,,,,,1,,,,,,,,2,,,1,,,,1,6,,3,,,1,,,,,,,,,,,,,,,,,,,1,,,,,,,2,,,,,,,,,,,,,,,,,,,,,,,,,,,,,,,,,,,,,,,,,,,1,,,,,,,,,,,,,,,,,,,,,,,,,,,,1,,,,,,,,,,,,,,,,
117,6/20/2016 14:22,"Middlesex County Jail and House of Correction, Billerica",58,2,,2,34,,,,1,6,4,1,,1,1,,5,12,4,,2,3,,2,,1,2,,,1,2,,1,2,,,2,1,1,1,,,,,,,,,,1,,,,19,,,,,,4,,6,,,,,,1,,,,,,1,,,3,1,,,,,,,,,,,,,,,,,,,,,,,,1,,1,,,,,,,,,,,,6,,,,,,,,,,,,,,,,,,,,,,,,1,,,,,,,,,,,,,,,,,,,,,,,,,,,,,,,,,,,,,,
111,6/24/2014 15:58,"Facility Inspection – Middlesex County House of Correction, Billerica",98,2,,17,25,,,,1,2,12,1,2,1,1,,5,42,2,,2,1,,1,,10,,1,,,4,,10,4,,,,2,1,3,,,,,,,,,1,,,4,,,1,,,,1,3,,4,,,1,,,,,,,,,1,,,,,,,,,,1,,,,,,,,,,,,,,1,,,,1,,,,,,,,,,,,,,,,,,,,,,,,,,,,1,,,,,,,,,,,,,,,,,,,,,,,,,,,,,,,,1,,,,,,,,,,,,,,,,
68,6/12/2015 17:44,"Middlesex County House of Correction, Billerica",42,2,,1,14,,1,,1,1,10,1,,1,1,,1,10,,,1,1,,3,,1,2,,,,6,,1,4,,1,1,2,,,,,,7,,,,,,1,,,4,,,,,,,12,,3,,,,,,,,,,,,,,,,,,,,,,,,1,,,,,,,,,,,,1,,,,,,,,,,,,,,,,,,,,,,,,,,,,,,,,,,,,,,,,,,,,,,,,,,,,,,,,,,,,,,,,1,,,,,,,,,,,,,,,,
86,6/16/2014 17:14,"Facility Inspection – Middlesex County Jail, Cambridge",75,2,,15,4,,,1,1,5,8,1,,1,1,,5,22,1,,10,6,11,2,,23,,,,,,,2,,,1,,,3,1,,,,1,,,,,,1,,,,,,,,,1,5,,,,,,,,,,2,1,,,,,,,,,,,,,,,,,,,,,,,,,,,1,,,,,,,,,,,,,,,,,,,,,,,,,,,,,,,,10,,,,,,,2,,,,,,,,,,,,,,,,,,,,,,,,,,1,,,,,,,,,,,,,,,
110,2/11/2016 13:40,,73,2,,2,38,,,2,1,8,6,1,,1,1,,1,36,6,,2,8,1,3,3,9,2,,,4,,,3,,1,,,,,3,,,,2,,,,,,3,6,3,,2,,,,,7,4,,8,,,,1,,,,,1,,,2,,,1,,,,,,,,,1,,,,,2,,,1,,,,,,,,1,,,,,,,,,,,,1,,,,,,,,,,,1,1,,,,1,,,,,,,1,,,,,,,,,,,,,,,,,,,,,,,,,,,1,,,,,,,,,,,,,,
101,9/27/2016 11:52,"Facility Inspection – NCCI Gardner - September 13, 2016",45,13,11,1,24,,1,2,1,5,3,1,,1,1,,1,20,4,,,7,3,,1,8,2,,,2,,,,,,,,,2,,,,,2,,,,,1,2,2,1,,2,,,,,,5,,30,,,,1,,,1,,,,,1,,,1,,,,,,,,,,1,,,,1,,,,,,1,,,,,1,,,,,,,,,,,,,,,,,,,,,,,1,,,,,,,,,,,,2,,,,,,,,,,,,,,,,,,,,,,,,,,,,,,,,,,,,,,,,,
219,9/29/2015 15:17,Ncci Gardner,144,2,,7,41,,,,1,12,11,1,2,1,1,,1,58,,,2,2,1,4,2,2,2,1,,4,,,8,3,1,,,,4,4,,,,9,,,,,1,5,9,3,,1,,,,,6,6,,8,,1,,2,,,,,,,,1,,,,,,,,,,,,,,,,,7,,,1,,,,1,,,1,1,,,,,,,,,,,,1,,,,,,,,,,,,,,,,,,,,,,,,,,,,,,,,,,,,,,,,,,,,,,,,,,,1,,,,,,,,,,,,,
54,9/26/2014 13:40,"Facility Inspection – NCCI Gardner - October 8, 2014",74,2,,1,24,,4,1,1,16,2,1,,1,1,,2,51,,,,3,,9,,3,,,,2,,,1,4,2,2,3,,2,8,,,,1,2,,,,,2,3,,5,,,,,,,,1,14,,,,,,,1,,2,,,1,,,2,,,,,,1,2,1,,,,,,6,,,,,,,,,,1,,,,,,,,,,,,,,,,,,,,,,,1,,,,,,,,,,1,,,,,,,,,,,,,,,,,,,,,,,,,,,,,,,,,,,,,,,,,,,,
179,2/25/2015 17:23,,135,2,,2,49,,,,1,17,18,1,2,1,1,,3,50,,,,4,,12,,2,2,,,4,1,,4,17,,,2,,4,6,,,,13,1,,,,,4,7,4,5,,,,1,,6,1,,8,,2,,2,,,3,,1,,,1,,,,,,1,,,1,,1,,,,,,12,,,1,,1,,,,,1,,,,,,,,,,,,,1,,,,,,,,,,,,,,,,,,,,,,,,,,,,,,,,,,,,,,,,,,,,,,,,,,,1,1,,,,,,,,,,,,
35,3/17/2014 17:15,Facility Inspection Report - NCCI Gardner - 03/2014,29,2,,,5,,,,1,10,14,1,,1,1,,2,41,2,,1,2,,,,,,,,,,,,,,,2,,1,2,,,,2,,,,,,,2,,3,2,1,,,,9,3,,9,,,,2,,,,,,,,,,,,,,,,,1,,,1,,,,,,,,,,,,,,,,1,,,,,,,,,,,,,,,,,,,,,1,,,,,,,,,,,,,,,,,,,,,,,,,,,,,,,,,,,,,,,,,,,,,,,,,,,,,,,
1,1/20/2016 16:15,"Facility Inspection – Dedham Alternative Center - February 2, 2016",1,2,,,,,,,1,,,1,,1,1,,,,,,,,,,,,2,,,,,,,,,,,,,,,,,,,,,,,,,,,,,,,,,,,,,,,,,,,,,,,,,,,,,,,,,,,,,,,,,,,,,,,,,,,,,,,,,,,,,,,,,,,,,,,,,,,,,,,,,,,,,,,,,,,,,,,,,,,,,,,,,,,,,,,,,,,,,,,,,,,,,,,
3,2/5/2015 16:02,"Facility Inspection – Dedham Alternative Center - 02, 2015",,2,,,,,,,1,,,1,,1,1,,,,,,1,,,,,,2,,,,,,,,,,,,,,,,,,,,,,,,,,,,,,,,,,,,,,1,,,,,,,,,,,,,,,,,,,,,,,,,,,,,,,,,,,,,,,,,,,,,,,,,,,,,,,,,,,,,,,,,,,,,,,,,,,,,,,,,,,,,,,,,,,,,,,,,,,,,,,,,,,,,,,,,
9,6/30/2014 12:41,Facility Inspection – Dedham Alternative Center,12,2,,,,,,,1,,,1,,1,1,,,,,,1,,,,,,,,,,,,,1,,,,,,,,,,,,,,,,,,,,,,,,,,,,,,,1,,,,,,,,,,,,,,,,,,,,,,,,,,,,,,,,,,,,,,,,,,,,,,,,,,,,,,,,,,,,,,,,,,,,,,,,,,,,,,,,,,,,,,,,,,,,,,,,,,,,,,,,,,,,,,,,,
2,6/23/2016 17:52,Facility Inspection,,2,,,,,,,1,,,1,,1,1,,,,,,,,,,,,2,,,,,,,,,,,,,,,,,,,,,,,,,,,,,,,,,,,,,,,,,,,,,,,,,,,,,,,,,,,,,,,,,,,,,,,,,,,,,,,,,,,,,,,,,,,,,,,,,,,,,,,,,,,,,,,,,,,,,,,,,,,,,,,,,,,,,,,,,,,,,,,,,,,,,,,
,6/18/2015 14:55,Dedham Alternative Center,,2,,,,,,,1,,,1,,1,,,,,,,,,,,,,2,,,,,,,,,,,,,,,,,,,,,,,,,,,,,,,,,,,,,,,,,,,,,,,,,,,,,,,,,,,,,,,,,,,,,,,,,,,,,,,,,,,,,,,,,,,,,,,,,,,,,,,,,,,,,,,,,,,,,,,,,,,,,,,,,,,,,,,,,,,,,,,,,,,,,,,
9,2/4/2015 19:14,"Facility Inspection – Norfolk County House of Correction, Dedham - February 2015",20,2,,,1,,,,1,2,1,1,,1,1,5,6,,,,1,,,,,1,2,,,2,,,,2,,,,,,,,,,3,,,,,,,,1,,1,,,,,,,,1,,,,,,,,,,,,,,,,,,,,,,,,,1,,,,,,,,,,,1,,,,,,,,,,,,,,,,,,,,,,,,,,,,,,,,,,,,,,,,,,,,,,,,,,,,,,,,,,,,,,,,,,,,,,,,,,,,,,,,
24,6/30/2014 12:37,"Facility Inspection – Norfolk County HOC, Dedham",24,2,,,11,,,,1,,4,1,,1,1,5,11,1,,,2,,1,3,,2,,1,,2,1,,7,2,,,,,3,1,,,,3,,,,,,,,1,,4,,,,,,,1,1,,,,,,,,,,,,,,,,,,,,,,,,,3,,,,,,,,,,,3,,,,,,,,,,,,,,,,,,,,,,,,,,,,,,,,,,,,,,,,,,,,,,,,,,,,,,,,,,,,,,,,,,,,,,,,,,,,,,,,
9,2/5/2016 17:33,"Facility Inspection – Norfolk County House of Correction, Dedham - 02/02/2016",9,2,,1,1,,,,1,,2,1,,1,1,4,,,1,,,2,,,,1,2,,,,,,,,,,,,,,,,,1,,,,,,,,,,,,,,,,,,1,,,,,,,,,,,,,,,,,,,,,,,,,,,,,,,,,,,,,,,,,,,,,,,,,,,,,,,,,,,,,,,,,,,,,,,,,,,,,,,,,,,,,,,,,,,,,,,,,,,,,,,,,,,,,,,,,,,,
14,6/23/2016 17:43,Norfolk County House of Correction,14,2,,1,2,,,,1,,4,1,,1,1,4,,,1,,,,,,,1,2,,,,,,,2,,1,,,,,,,,1,,,,,,,,,,,,,,,,,,1,,1,,,,,,,,,,,,,,,,1,,,,,,1,,,,,,,,,,,,,,,,,,,,,,,,,,,,,,,,,,,,,,,,,,,,,,,,,,,,,,,,,,,,,,,,,,,,,,,,,,,,,,,,,,,,,,,,,,,,
4,6/18/2015 14:48,"Norfolk County House of Correction, Dedham",8,2,,,3,,,,1,1,1,1,,1,1,5,1,,1,,,,,,,1,2,,,,,,1,,,,1,,,,,,,2,,,,,,,,,,,,,,,,,,1,,,,,,1,,,,,,1,,,,,,,,,,,,,,,,,,,,,,,,,,,,,,,,,,,,,,,,,,,,,,,,,,,,,,,,,,,,,,,,,,,,,,,,,,,,,,,,,,,,,,,,,,,,,,,,,,,,,,,,
72,2/23/2015 19:11,"Facility Inspection – Northeastern Correctional Center, West Concord - February 2015",56,2,,,10,,1,,1,3,2,1,,1,1,,,16,,,,1,,6,1,4,2,,,,,,4,1,,,,3,1,,,,,2,,,,,,1,,1,,1,,,,,,1,1,4,,,1,,,,1,,,,,,,,2,,,,,,1,,,,,,,,,,,1,,,,1,,,,,1,,,,,,,,,,,,,,,,,,,,,1,,,,,,,,,,,,,,,,,,,,,,,,,,,,,,,,,,,,,,,,,,,1,,,,,,,,,,,
60,2/29/2016 15:07,,64,2,,1,14,,1,,1,1,4,1,,1,1,,1,17,,,,1,,1,,4,2,1,,2,,,1,4,,,,2,1,1,,,,2,1,1,,,,1,1,1,,,1,,,,,5,1,4,,1,1,,,,1,,,,,,1,,,,1,,,,,,,,,,,,3,,,1,,,,,,,,,,,,,,,,,,,,,,,,,,,,,,1,,,,,,,,,,,,,,,,,,,,,,,,,,,,,,,,,,,,,,,,,,,,,,,,,,,,,,
53,9/26/2016 14:03,"Facility Inspection – Northeastern Correctional Center, Concord - September 21, 2016",36,4,2,2,11,,2,,1,2,4,1,,1,1,,,14,,,,,,1,2,2,2,1,,1,,,1,2,,,,,,,,,,5,,1,,,,1,1,,,,,,,,,1,,4,,,,,,,,,,,,,1,,,,,,,,,,,,,,,,,,,,,,,,,,,,,,,,,,,,,,,,,,,,,,,,,1,,,,,,,,,,,,,,,,,,,,,,,,,,,,,,,,,,,,,,,,,,,,,,,,,,,,,,
,10/28/2015 14:46,"northeastern correctional center, concord",,1,,,,,,,1,,,1,,1,,,,,,,,,,,,,1,,,,,,,,,,,,,,,,,,,,,,,,,,,,,,,,,,,,,,,,,,,,,,,,,,,,,,,,,,,,,,,,,,,,,,,,,,,,,,,,,,,,,,,,,,,,,,,,,,,,,,,,,,,,,,,,,,,,,,,,,,,,,,,,,,,,,,,,,,,,,,,,,,,,,,,
56,3/10/2014 14:52,Northeastern Correctional Center - Facility Inspection,57,2,,4,10,,,,1,2,2,1,,1,1,,1,19,,,1,3,,1,,19,,,,,,,1,2,,,,3,,,,,,,,,,,,1,,1,,,,,,,,,,,,,1,,,,,,,,,,,,,,,,,,,,,,,,,,,,,,,,,,,,,,,,,,,,,,,,,,,,,,,,,,,,,,,,,,,,,,,,,,,,,,,,,,,,,,,,,,,,,,,,,,,,,,,,,,,,,,,,,
34,3/10/2014 14:52,"Facility Inspection – Northeastern Correctional Center, West Concord - September 22, 2014",32,2,,1,6,,,,1,,3,1,,1,1,,,19,,,,2,,,,11,,,,,,,1,1,,,,3,,,,,,,,,,,,1,,1,,,1,,,,,,1,,,,,,,,,,,,,,,,,,,,,,,,,,,,,,,,,,,,,,,,,,,,,,,,,,,,,,,,,,,,,,,,,,,,,,,,,,,,,,,,,,,,,,,,,,,,,,,,,,,,,,,,,,,,,,,,,,,,,
35,7/2/2014 14:32,"Facility Inspection – Old Colony Correctional Center, Bridgewater",27,2,,,8,,2,,1,3,,1,,1,1,9,3,6,,,,3,,4,1,,,,,,,,,7,,,,,,,,,,2,,,,,2,,,,,,,,,,2,4,2,,,,1,,,,,,,,,,,,,,,,,,,,,,,,,,1,,,,,,,,,,,,,,,,,,,,,,,,,,,,,,,,,,,,,,,,,,,,,,,,,,,,,,,,,,,,,,,,,,,,,,,,,,,,,,,,,,,,,,,
36,4/6/2016 13:06,,42,2,,1,5,,,,1,2,1,1,,1,1,17,3,19,,,,2,,1,,,2,,,,,,1,,1,,,,,,,,,,,,,,,3,,,,,,,,,5,,,,,,,,,,,,,,,,,,,,,,,,,,,,,,,,,,,,,,,,,,,,,,,,,,,,,,,,,,,,,,,,,,,,,,,,,,,,,,,,,,,,,,,,,,,,,,,,,,,,,,,,,,,,,,,,,,,,,,,
24,11/4/2016 14:37,"Facility Inspection - Plymouth County Correctional Facility - September 21, 2016",38,8,6,,6,,,,1,,,1,,1,1,17,6,7,,,,2,,1,,,2,,,,,,,,,,,,,,,,,1,,,,,,2,1,,,,,,,,5,,,,,,,,,,,,,,,,,,,,,,,,,,,,,,,,,,,,,,,,,,,,,,,,,,,,,,,,,,,,,,,,,,,,,,,,,,,,,,,,,,,,,,,,,,,,,,,,,,,,,,,,,,,,,,,,,,,,,,,
69,9/30/2014 17:44,Facility Inspection – Plymouth County Correctional Facility,90,2,,2,26,,,,1,4,2,1,,1,1,14,11,20,2,,5,3,,1,1,1,,,,,,,1,,,,,,,1,,,,1,,,,,,3,2,1,,,,,,,5,,,,,,,,,,,,,,,,,,,,,,,,,1,,,,,,,,,,,,,,,,4,,,,,,,,,,,,,,,,,,,,,,,,,,,,,,,,,,,,,,,,,,,,,,,,,,,,,,,,,,,,,,,,,,,,,,,,,,,,,,
51,10/22/2015 14:03,Facility Inspection – Plymouth County Correctional Facility - 10/27/15,65,2,,2,1,,,1,1,2,1,1,,1,1,17,5,32,,,,,,1,,,2,,,,,,1,,2,,,,,,,,,,,,,,,3,1,,,,,,,,5,,,,,,,,,,,,,,,,,,1,,,,,,,,,,,,,,,,,,,,,,,,,,,,,,,,,,,,,,,,,,,,,,,,,,,,,,,,,,,,,,,,,,,,,,,,,,,,,,,,,,,,,,,,,,,,,,,,,,,,,
151,3/12/2014 17:27,Plymouth County Correctional Facility - Facility Inspection Report - March 2014,190,2,,3,30,,1,,1,6,5,1,,1,1,,12,34,1,,5,6,,4,1,2,,,,1,,,6,,,,,,,2,,,,3,,,,,,2,3,,,,,,,,,,,,,,,,,,,,,,,,,,,,,,,,,2,,,,,,,,,,1,,,,,,9,,,,,,,,,,,,,,,,,,,,,,,1,,,,,,,,,,,,,,,,,,,,,,,,,,,,,,,,,,,,,,,,,,,,,,,,,,,,,,,
46,3/13/2015 12:01,,70,2,,1,15,,,,1,3,1,1,,1,1,16,10,29,,,,1,,1,,,2,,,,,,1,,1,,,,1,,,,,2,,,,,,3,1,,,,,,,,5,,,,,,,,,,,,,,,,,,,,,,,,,,,,,,,,,,,,,,,,,,,,,,,,,,,,,,,,,,,,,,,,,,,,,,,,,,,,,,,,,,,,,,,,,,,,,,,,,,,,,,,,,,,,,,,,,,,,,,,
19,5/23/2016 18:21,,9,2,,,3,,,,1,,1,1,,1,1,,,,,,,,,,,,2,,,1,,,1,,,,,,,,,,,,,,,,,,,,,,1,,,,,,,7,,,,,,,,,,,,,,,,,,,,,,,,,,,,,,,,,,,,,,,,,,,,,,,,,,,,,,,,,,,,,,,,,,,,,,,,,,,,,,,,,,1,,,,,,,,,,,,,,,,,,,,,,,,,,,,,,,,,,
21,12/30/2013 14:36,"Facility Inspection – Pondville Correctional Center, Norfolk",13,2,,2,3,,,,1,,,1,,1,1,,,4,,,,2,,,,5,,,,1,,1,2,,,,2,,1,,,,1,2,,,1,,1,,,1,,,,,,,,2,,1,,,,,1,,,,,,,,,,2,1,,,,,,,,,,,,,,,,1,,,,,,,,,,,,,,,,,,,,,,,,,,,,,,,,,,,,,,,,,,,,,,,,,,,,,,,,,,,,,,,,,,,,,,,,,,1,,,,,,,,,,
14,12/8/2016 15:55,"Facility Inspection - Pondville Correctional Center, Norfolk - December 7, 2016",1,4,2,,2,,,,1,,,1,,1,1,,,2,,,,,,,,,2,,,,,,,,,,,,,,,,,,,,,,,,,,,,,,,,,,,7,,,,,,,,,,,,,,,,,,,,,,,,,,,,,,,,,,,,,,,,,,,,,,,,,,,,,,,,,,,,,,,1,,,,,,,,,,,,,,,,,,,,,,,,,,,,,,,,,,,,,,,,,,,,,,,,,,,,,
19,12/28/2015 11:36,"Pondville Correctional Center, Norfolk",12,2,,1,15,,,1,1,,3,1,,1,1,,,,,,,,,,,1,2,1,,,,,1,2,,,,1,,,,,,1,,,,,,1,,3,,,2,,,,,1,,7,,1,,,,,,,,,,,,,,,,,,,,,,,,,,,,,,,,,,,,,,,,,,,,,,,,,,,,,,,,1,,,,,,,,,,,,,,,,,,,1,,,,,,,,,,,,,,,,,,,,,,,,,,,,,,,,,,,,,,,
9,6/1/2015 15:00,"Pondville Correctional Center, Norfolk",10,2,,,6,,,1,1,3,,1,,1,1,,,2,,,,,,,1,,,,,,,,1,,,,,,,1,,,,2,,,,,,,,1,,,,,,,,,,7,,,,,,,,,,,,,,,,,,,,,,,,,,,,,,,,,,,,,,,,,,,,,,,,,,,,,,,,,,,,,,,,,,,,,,,,,,,,,,,,,,,,,,,,,,,,,,,,,,,,,,,,,,,,,,,,,,,,
32,2/26/2016 19:19,"Facility Inspection – Souza-Baranowski Correctional Center, Shirley - 2/2016",17,2,,1,1,,1,,1,,3,1,,1,1,,,3,,,,1,,3,,4,2,,,,,,2,,,,1,,,,,1,1,1,,,,,,,,5,,,,,,,,,,16,,,1,,,1,,,,,,,,,,,,1,,,,,,,,,,,,,,,,1,,1,,,,,,,,,,,,,,,,,,,,,,5,,,,,,,,,,,,,,,,,,,,,,,,,,,,,,,,,,,,,,,,,,,,,,,,,,,,,,,,,,
53,3/26/2014 18:52,"Facility Inspection – Souza-Baranowski Correctional Center, Shirley",63,2,,,9,,,,1,2,12,1,,1,1,,9,3,8,,2,,,1,,4,,3,,,,,,,,,,,1,,,,,2,,,,,1,,,,,,,,,,,,,18,,4,1,,,2,,,,,,,,,,,,,,,,,,,,,,,,,,,,1,,,,,,1,,,,,1,,,,,,,,3,,,,,,,,,,,,,,,,,,,,,,,,,,,,,,,,,,,,,,,,,,,,,,,,,,,,,,,,,,,,,,,
44,3/24/2015 13:21,"Facility Inspection – Souza-Baranowski Correctional Center, Shirley - March 26, 2015",38,2,,,5,,,,1,1,11,1,,1,1,,,1,4,,1,,,1,,2,1,2,,,,,,,,,,,,4,,,,,,,,,,,,,,,,,,,,,,19,,1,,,,,,,,,,,,,,,,1,,,,,,,,,,,,,,,,5,,,,,,3,,,,,2,,,,,1,,,,,,,,,,,,,,,,,,,,,,,,,,,,,,,,,,,,,,,,,,,,,,,,,,,,,,,,,,,,,,,,,,
52,9/26/2014 15:41,"Facility Inspection – Souza-Baranowski Correctional Center, Shirley - September 26, 2014",32,2,,,3,,,,1,4,10,1,,1,1,,,2,7,,,,,,,2,,4,,,,,1,,,,,,,,,,,,,,,,1,,,,,,,,,,,,,18,,3,,,,1,,,,,,,,,,,,,,,,,,,,,,,,,,,,2,,,,,,1,,,,,1,,,,,1,,,,,,,,,,,,,,,,,,,,,,,,,,,,,,,,,,,,,,,,,,,,,,,,,,,,,,,,,1,,,,,,,,,
109,10/6/2016 18:32,,60,9,7,3,25,,1,,1,12,8,1,,1,1,,4,,3,,1,5,2,2,,11,2,,,2,1,,,,,,1,,3,,,,,5,,,,,,,,,,,1,,,,,,1,15,,2,,4,,3,,,,,,,,,,,,1,,,,,,,,,,,,,,1,,1,1,,,,,,,,,,,,,,,,,1,,,,,,,,,,,,,,,,,,,,,,,,,,,,,,,,,,,,,,,,,,,,,,,,,,,,,,,,1,,,,,,,,
89,10/9/2015 17:38,souza baranowski correctional center,58,2,,,1,,3,1,1,,11,1,,1,1,,,,,,,,,4,,5,2,,,,,,,1,,3,1,,1,,1,,1,2,2,,,,,,,1,,,,,,,,,,19,,,1,,,3,,,,,,1,,,,,1,1,,,,,,2,,,,,,,,,,2,,4,,,,1,,,,,,1,,,,2,,,,,,,,5,,,,,1,,,,,,,,,1,,,,1,,,,,,,,,,,,,,,,,,,,,,,,,,,,,,,,,,,,,,,,
1,10/25/2016 14:30,"Facility Inspection – South Middlesex Correctional Center, Framingham - October 25, 2016",10,3,1,8,8,,1,,1,1,1,1,,1,1,,,1,,,,,,,,,2,3,,2,,,,,,,,1,2,1,,,,,,,,,1,,2,,,,1,,,,,1,,,,,,,,,,,,,,,,,,,,,,,,,,,,,,,,,,,,,,,,,,,,,,,,,,,,,,,1,,,,,,,,,,,,,,,,,,,,,,,,,,,,,,,,,,,,,,,,,,,,,,,,,,,,,,,,,,,,,,,
18,10/28/2015 12:41,"south middlesex correctional center, framingham",18,2,,3,6,,,,1,1,2,1,,1,1,,,,,,,3,,,,,2,3,,1,,,2,1,,,,,1,1,,,,1,,,,,,1,1,,,,,,,,,,,,,,1,,,,,,,,,,,,,,,,,,,,,,,,,,1,,,,,,,,,,,,,,,,,,,,,,,,2,,,,,,,,,,,,,,,,,,,,,,,,,,,,,,,,,,,,,,,,,,,,,,,,,,,,,,,,,,,,,,,
16,10/24/2014 12:35,"Facility Inspection – South Middlesex Correctional Center, Framingham",29,2,,2,15,,,,1,1,3,1,,1,1,,,4,,,1,2,,3,,1,,2,,2,,,,3,,1,,1,,2,,,,1,,,,,,1,,,,,,,,,,1,,,,,1,,,,,,,,,,,,1,1,,,,,,,,,,,,,2,,,,,,,,,,,,,,,,,,,,,,,,,,,,,,,,,,,,,,,,,,,,,,,,,,,,,,,,,,,,,,,,,,,,,,,,,,,,,,,,1,,,,,,,
24,3/14/2014 13:17,"South Middlesex Correctional Center, Framingham - Facility Inspection",25,2,,1,12,,,,1,1,2,1,,1,1,,,3,,,2,2,,,,2,,,,,,,,,,,,2,,1,,,,,,,,,1,2,3,1,,,,,,,,,,,,,1,,,,,,,,,,,,,,,,,,,1,,,,,,,2,,,,,,,,,,,,,,,,,,,,,,,,,,,,,,,,,,,,,,,,,,,,,,,,,,,,,,,,,,,,,,,,,,,,,,,,,,,,,,,,1,1,,,,,,
24,3/9/2015 12:35,,31,2,,,13,,,,1,1,2,1,,1,1,,,,,,1,1,,,1,2,2,1,,5,,,1,1,,,,1,,1,,,,,,,1,,,1,1,,,,,,,,,,,,,,1,,,,,,,,,,,,1,,,,,,,,,,,,,,2,,,,,,,,,,,,,,,,,,,,,,,,,,,,,,,,,,,,,,,,,,,,,,,,,,,,,,,,,,,,,,,,,,,,,,,,,,,,,,,,,,,,,,,
24,3/25/2016 14:32,"Facility Inspection – South Middlesex Correctional Center, Framingham - March 21, 2016",16,2,,3,6,,,,1,1,1,1,,1,1,,,1,,,,,,,,1,2,1,,2,,,1,2,,,,1,2,,,,,1,1,,,,,1,,,,,,,,,,,1,,,,,,,,,,,,,,,,,,1,,,,,,,,,,,,1,,,,,,,,,,,,,,,,,,,,,,,,1,,,,,,,,,,,,,,,,,,,,,,,,,,,,,,,,,,,,,,,,,,,,,,,,,,,,,,,,,,,,,,,
84,4/12/2017 15:23,"Facility Inspection – Suffolk County House of Correction, Boston, MA - March 31, 2017",78,20,18,8,10,,,,1,4,2,1,,1,1,,,4,11,,1,1,1,,3,1,2,3,2,,3,,2,,,,1,,1,,,,,1,,,,,,,,1,,2,1,,,,,,,,,,,,,,,,,,,1,,,,,,,,,,,,,,,,,,,,,,,,,,,,,,,,,,,,,,,,,,,,,,,,,,,,,,,,,,,,,,,,,,,,,,,,,,,,,,,,,,,,,,,,,,,,,,,,,,,1,,,,,
103,4/9/2014 13:56,"Facility Inspection – Suffolk County House of Correction, Boston",78,2,,5,3,,,,1,3,3,1,,1,1,,7,16,3,,3,1,,,1,16,,,,2,,,1,8,,,,1,1,,,,1,,,,,,,,,1,,,,,,,,,,7,,,,,,,,,,,,,,,,1,,,,,,,,2,,,,,1,,,,,,,,,,,,,,,,,,,,,,,,,,,,,,,,,,,,,,,,,,,,,,,,,,,,,,,,,,,,,,,,,,,,,,,,,,,,,,,,1,,,2,,,,
58,5/8/2015 14:01,"Facility Inspection – Suffolk County House of Correction, Boston - May 8, 2015",66,2,,3,4,,,,1,,4,1,,1,1,,3,4,6,,,1,,,,7,2,,,,2,,1,3,,,,1,1,,,,1,,,,,,,,,,,,,,,,,,,,,,,,,,,,,,,,,,,,,,,,,,,,,,,,,,,,,,,,,,,,,,,,1,,,,,,,,,,,,,,,,,,,,,,,,,,,,,,,,,,,,,,,,,,,,,,,,,,,,,,,,,,,,,,,,,,,,1,,,
62,11/8/2016 19:51,"Facility Inspection – Suffolk County House of Correction, Boston - October 18, 2016",45,5,3,3,9,,,,1,1,2,1,,1,1,,,1,7,,1,,,,,3,2,,,,,,2,,,,,,1,,,,,,,,,,,,,2,,,,,,,,,,,,,,,,,,,,,,,,,,,,,,,,,,,,,,,,,,,,,,,,,,,,,,,,,,,,,,,,,,,,,,,,,,,,,,,,,,,,,,,,,,,,,,,,,,,,,,,,,,,,,,,,,,,,,,,,,,,,,,
55,10/29/2014 19:15,,87,2,,3,2,,,,1,,3,1,,1,1,,5,7,2,,1,1,,,,6,,,,,1,,1,4,,,,1,2,,,,1,,,,,,,,,,,,,,,,,,,1,,,,,,,,,,,,,,,,,,,,,,,,,,,,,,,,,,,,,,,,,,,,,,,,,,,,,,,,,,,,,,,,,,,,,,,,,,,,,,,,,,,,,,,,,,,,,,,,,,,,,,,,,,,,,,,,,1,,,
35,11/19/2015 13:51,"Facility Inspection – Suffolk County House of Correction, Boston - 11/19/15",29,2,,1,,,2,,1,,1,1,1,1,1,,1,2,7,,,3,,,,4,2,,1,,3,,2,3,,,1,1,,2,,,,1,,,,,,,,,,,,,,,,,,,,,,,,,,,,,,,,,,,,,,,,,,,1,,,,,,,,,,,3,,,,,,,,,1,,,,,,,,,,,,,,,,,,,,,,,,,,,,,,,,,,,,,,,,,,,,,,,,,,,,,,,,,,,,,,,,,,,,,1,,
5,3/24/2016 12:36,Suffolk county House of Correction,9,2,,3,2,,,,1,,,1,,1,1,,,1,1,,,1,,,,,2,1,,,1,,,,,,,1,,,,,,,,,,,,,,1,,,2,,,,,,,,,,,,,,,,,,,,,,,,,,,,,,,,,,,,,,,,,,,,,,,,,,,,,,,,,,,,,,,,,,,,,,,,,,,,,,,,,,,,,,,,,,,,,,,,,,,,,,,,,,,,,,,,,,,,,,,,,,1,
79,4/17/2014 17:00,"Facility Inspection – Suffolk County Jail, Boston",28,2,,3,4,,,,1,2,4,1,,1,1,,,2,4,,1,5,,1,,5,,1,2,,,,1,10,,1,,,,2,,,,,,,,,,,,1,,,,,,,,,,,,,,,,,,,1,,,1,,,,,,,,,,,,,,,,,,,,,,,,,,,,,,,,,,,,,,,,,,,,,1,,1,,,,,,,,,,,,,,,,,,,,,,,,,,,,,,,,,,,,,,,,,,,,,,,,,,,,,,,,,
38,5/8/2015 14:02,,9,2,,1,4,,,,1,,,1,,1,1,,,2,10,,,,,1,,1,2,,1,2,1,,2,5,,,1,,,,,,,,,,,,,,,,,,,,,,,,,,,,,,,,,,,,,,,,,,,,,,,,,2,,,,,,,,,,,,,,,,,,,,,,,,,,,,,,,,,1,,1,,,,,,,,,,,,,,,,,,,,,,,,,,,,,,,,,,,,,,,,,,,,,,,,,,,,,,,,,
24,10/28/2016 15:53,"Facility Inspection – Suffolk County Jail, Boston - October 17, 2016",19,6,4,3,1,,,,1,,1,1,,1,1,,,,1,,,2,,,,,2,,,,2,,,,,,,,,,,,,,,,,,,,,,,,,,,,,,,,,,,,,,,,,,,,,,,,,,,,,,,,,,,,,,,,,,,,,,,,,,,,,,,,,,,,,,,,1,,1,,,,,,,,,,,,,,,,,,,,,,,,,,,,,,,,,,,,,,,,,,,,,,,,,,,,,,,,,
40,11/10/2014 14:59,"Facility Inspection – Suffolk County Jail, Boston",8,2,,1,4,,,,1,,1,1,,1,1,,,1,3,,,2,,,1,1,,1,2,,,,1,6,,,,,,1,,,,,,,,,,,,,,,,,,,,,,,,,,,,,,,,,,,,,,,,,,,,,,,,,,,,,,,,,,,,,,,,,,,,,,,,,,,,,,,1,,1,,,,,,,,,,,,,,,,,,,,,,,,,,,,,,,,,,,,,,,,,,,,,,,,,,,,,,,,,
32,11/6/2015 15:55,"Facility Inspection – Suffolk County Jail, Boston - 11/6/15",5,2,,1,3,,,,1,,,1,,1,1,,,1,2,,,,,1,,,2,,1,,1,,1,1,,,,,,,,,1,,,,,,,,,,,,1,,,,,,,,,,,,,,,,,,,1,,,,,,,,,,,,,,,,,,,,,,,,,1,,,,,,,,,,,,,,,,,,,,1,,1,,,7,,,,,,,,,,,,,,,,,,,,,,,,,,,,,,,,,,,,,,,,,,,,,,,,,,,,,,
6,3/24/2016 12:40,Suffolk County Jail,6,2,,,2,,,,1,,,1,,1,1,,,,,,,,,,,,2,1,,,1,,,,,,,,,,,,,,,,,,,,,,,,2,,,,,,,,,,,,,,,,,,,1,,,,,,,,,,,,,,,,,,,,,,,,,,,,,,,,,,,,,,,,,,,,,1,,1,,,,,,,,,,,,,,,,,,,,,,,,,,,,,,,,,,,,,,,,,,,,,,,,,,,,,,,,,
126,3/18/2015 19:17,,244,2,,1,15,,1,,1,13,7,1,,1,1,,13,13,9,,4,2,,9,,3,2,6,,7,,,1,8,,1,2,,7,,,,,6,,1,,,,,,,,,1,,,,,3,,9,,,,,,,,,,,,,,,1,,,,,,,1,,,,,,,,,,,,,,,,,,,,,,,,,,,,,,,,,,,,,,,4,1,,,,,,,,,,,,,,,,,,,,,,,,,,,,,,,,,,,,,,,,,,,,,,,,,,,1,,,
90,3/9/2016 17:16,"Facility Inspection - Worcester County House of Corrections and Jail, West Boylston - March 2016",185,2,,2,10,,,,1,4,1,1,2,1,1,,5,18,5,,4,1,1,1,,3,2,,,2,1,,3,11,,,,1,,1,,1,,8,,,,,1,1,1,2,,1,,,,,,6,,9,,1,1,,,,,,,,,1,,,,,,,,,,,,,,,,,,,,,,,,,,,,2,,,,,,,,,,,,,,,,,,,,,4,,,,,,,,,,,,,,,,,,,,,,,,,,,,,,,,,,,,,,,,,,,,,,,,,,,,,,,
108,4/30/2014 11:48,"Facility Inspection – Worcester County House of Corrections and Jail, West Boylston",130,2,,1,17,,,,1,3,9,1,,1,1,3,7,28,2,,3,1,,4,,8,,1,,,1,,3,6,,,,1,,4,,,,6,,,,,,1,2,,1,1,,,,,,1,1,6,,,,,,,,,,,,,,,1,,,,,,,,,,,,,,,,,,,,,,,,,,,,,,,,,,,,,,,,,,,,,,6,,,,,,,,,,,,,,,,,,,,,,,,,,,,,,,,,,,,,,,,,,,,,,,,,,,,,,,
110,11/1/2016 15:58,,179,27,25,2,6,,,,1,12,1,1,1,1,1,,2,25,4,,6,3,1,,,5,2,1,,,1,,,,,1,1,,2,,,,,3,,,,,1,,1,,,4,,,,,,6,,9,,,,,1,,,,,,,,,,,,,,,,,,,,,,,,,,,,,,,,,,,2,1,1,,,,,,,,,,,,,,,,,,,4,,,,,,,,,,,,,,,,,,,,,,,,,,,,,,,,,,,,,,,,,,,,,,,,,,,,,,,
140,10/31/2014 13:04,,272,2,,4,18,,1,1,1,16,4,1,1,1,1,,9,10,1,,5,1,,13,,7,,4,,5,,,1,7,,,1,,6,4,,,,6,,,1,,,,,,,1,1,,,,,2,,8,,,,,,,,,1,,,1,,,1,,,,,,,1,,,,,,,,,,,,,,,,,,,,,,,,,,,,,,,,,,,,,,,4,,,,,,,,,,,,,,,,,,,,,,,,,,,,,,,,,,,,,,,,,,,,,,,,,,,,1,,,1
214,10/23/2015 14:19,"worcester county house of corrections and jail, west boylston",259,2,,7,25,,,,1,15,5,1,2,1,1,,13,21,1,,6,,1,4,3,6,2,4,,3,,,4,11,,,,1,,1,,,,8,,1,,,1,2,1,,,4,,3,,,,7,,9,,2,1,,,,,,,,,1,,,1,,,,,,,,,,,,,,,,,,,,,1,,,,4,,,,,,,,,,,,,1,,,,,,,,4,,,,,,,,,,,,,,,,,,,,,,,,,,,,,,,,,,,,,,,,,,,,,,,,,,,,1,,,
